Category,Subcategory,Primary Content,Type,Client Content,Rating,Points,Maximum Score,GBC BEST PRACTICE CONTENT
Air Travel,Preferred Supplier,Preferred Carrier,,"Gartner has negotiated preferred (primary) contracts with certain airlines. Agents will offer the lowest logical fare, including web fares and regional carrier fares with consideration given to our preferred carriers. Gartner's preferred airlines should be used whenever they reasonably match your itinerary requirements and are reasonably close to the lowest market price.",Full,1,1,"""The policy states (i) should provide a link or reference to the preferred suppliers.The travel policy identifies any preferred carriers by name & include a requirement for travelers to utilize them whenever appropriate scheduling and routing is available."""
Air Travel,Compliant Booking Behavior,Air Travel Reservation Instructions,,"ONLY these published authorized methods for booking business travel are to be used. Associates are specifically prohibited from going directly to airline carrier websites or the internet to purchase airline tickets. All associates are required to book every business trip via the TMC in one of three ways (no exceptions): 1) by phone with a travel counselor 2) by email with a travel counselor, or 3) online with an authorized online booking tool in regions where this is available.",Full,2,2,"""The policy states; (i) Travelers will be advised to use the preferred air carriers and to book all reservations through the designated travel agency and/or on-line booking tool; (ii) mandating this reservation method is a best practice."""
Air Travel,Payment Method,Air Payment Methods,,AIRLINE TICKETS must be purchased only through the designated travel agency or Gartner's online booking tool providers.,Full,1,1,"""The policy indicates (i) the preferred method of payment for air travel expenses if it differs to the instruction in the general travel arrangements or expence management. Alternatively refers to that (link/section/area)."""
Air Travel,Compliant Booking Behavior,Lowest Logical Airfare including airline search windows,,Lowest logical fares for itineraries offered by the TMC or Gartner's online booking tool providers should be the primary selection criteria. TMC Agents have been tasked with searching for flights three (3) hours prior to the requested departure and three (3) hours later than the requested return in order to search for the lowest fares.,Full,2,2,"""A lowest logical fare policy ensures maximum use of discounted fares for those travelers required to fly Economy Class. (i) The policy will include considerations such as time window, number of connections, alternate airports, potential savings, and preferred vendors; (ii) mandating the use of LLA is a best practice."""
Air Travel,Compliant Booking Behavior,Advance Ticket Purchase,,"Advanced purchase of airline tickets increases the likelihood of a lower fare; therefore, flights should be purchased at least 14 days prior to departure to take advantage of significant cost-savings.",Full,2,2,"""(i) The policy encourages booking travel as far in advance as possible; (ii) mandating this requirement and indicating a minimum number of days prior to travel is a best practice."""
Air Travel,Compliant Booking Behavior,Cabin Class,,"AIRLINE CLASS OF SERVICE: All air travel for any segment less than 8 full hours in length will be ticketed at the lowest logical fare, which generally means non-refundable, coach or economy class seats. Associates are eligible to fly business class only if the in-flight continuous time exceeds 8 hours per segment OR if you have connecting flights and the total flight time exceeds 10 hours without an overnight stay.",Full,3,3,"""The policy states (i) Indicate the approved cabin class based on destination/distance/time; a best practice is indicated if (ii) Economy is the appropriate cabin class for short duration flights with Premium or Business class permissible if the flight exceeds a specified number of hours/distance (not less than four hours).(iii) specify if cabin class usage differs for Domestic, Regional or Intercontinental flights."""
Air Travel,Compliant Booking Behavior,Non-refundable Ticket Purchase,,"NON-REFUNDABLE, RESTRICTED TICKETS should be used. Non-refundable tickets are generally significantly less expensive. In case of a change to your travel plans, most non-refundable tickets can be exchanged for a fee, which is generally less expensive for Gartner than purchasing a fully refundable/changeable ticket.",Full,2,2,"""(i) The policy encourages the use of non-refundable or penalty tickets; (ii) mandating their use whenever possible is a best practice."""
Air Travel,Compliant Booking Behavior,Air Travel Cancellation Procedures,,"CANCELLATIONS: Travelers are responsible for cancelling air reservations by using the same method as their booking procedures (i.e. online booking or TMC). If the TMC office is closed, please call the after-hours number provided on your itinerary.",Full,1,1,"""The policy states (i) The employee is advised to contact the designated travel agency to cancel air travel reservations, or cancel the reservations in whatever manner the reservations were originally booked."""
Air Travel,Compliant Booking Behavior,Unused Tickets Refunds,,If your trip is cancelled prior to travel: 1. Call the Travel Management Company (TMC) to cancel the reservation immediately. 2. Obtain a written confirmation of the cancellation for your records. 3. The entire ticket cost should be expensed with a reason noted in the report for cancellation. 4. For non-refundable tickets you will likely receive a credit for future use subject to rules or restrictions.,Full,1,1,"""(i) The policy indicates that travelers will contact the agency/travel department regarding unused electronic tickets/Paper Tickets for refund."""
Air Travel,Unforeseen Travel Circumstances,Denied Boarding Compensation,,"DENIED BOARDING COMPENSATION Airlines occasionally offer free tickets or cash allowances to compensate travelers for delays and inconvenience due to overbooking, flight cancellation, changes of equipment etc. Travelers may volunteer for denied boarding compensation only if: The delay to your trip will not cause an increase in the cost of the trip; AND The delay to your trip will not result in any interruption or loss of business. Travelers may keep the free travel voucher for personal use.",Full,2,2,"""The policy indicates (i) whether employee is permitted to volunteer for denied boarding compensation and if permitted, that corporate timelines/commitments should not be compromised in any way; (ii) expenses related thereto should not be reimbursable."""
Air Travel,Ancillary Air Travel Expenses,Preferred Seat Assignment Charges,,Premium seat assignment (economy plus bulkhead exit row) are not reimbursable,Full,1,1,"(i) The policy states whether payment for ""preferred"" seating (i.e. aisle, window, or emergency exit seat in designated rows of an aircraft are allowed, if any fees for such seating are reimbursable and the applicable form of payment (i.e. corp. credit card, cash, etc.)."
Air Travel,Unforeseen Travel Circumstances,Excess Baggage Charges,,Excess baggage or luggage weight overages will not be reimbursed unless it was material or equipment necessary for business,Full,1,1,"The policy states: (i) Guidelines for spending must be provided but generally, not a reimbursable expense unless required for transport of business-related materials."
Air Travel,Ancillary Air Travel Expenses,Wifi,,"Airline Internet Fees (GoGo, Fly-Fi, Row 44, T-Mobile, OnAir, Panasonic Avionics, etc.) which exceed $20 per flight are not reimbursable",Full,2,2,"(i) As wireless service become available on aircraft, the policy will advise if the traveler can utilize these services, (ii) if these fees are reimbursable and the applicable form of payment (i.e. corp. credit card, cash, etc.)."
Air Travel,Ancillary Air Travel Expenses,Luggage Payment,Secondary Content,"The company will reimburse associates for the first piece of luggage. Where a charge for a second piece of checked luggage is incurred, the company will reimburse travelers for the second bag charge only if the trip is over ten (10) days or if the second bag is required to transport company material",Full,0,0,"(i) The policy should state whether checking a first or second piece of luggage (based on airline) is allowed and under what circumstances, (ii) since the airlines charge a fee for this, if it is reimbursable, and the applicable form of payment (i.e. corp. credit card, cash, etc.)."
Air Travel,Unforeseen Travel Circumstances,Overnight Delay,Secondary Content,Not available in policy document,Null,0,0,"(I) If an overnight delay should occur, the policy will instruct the traveler to contact the designated travel agency immediately to assist with hotel accommodations or attempt to obtain complimentary accommodations from the air carrier.  The Company will indicate that reasonable expenses are reimbursable, if beyond the employee's control."
Air Travel,Compliant Booking Behavior,Upgrades,,"Airline upgrades are NOT reimbursable. They are considered a personal expense and cannot be charged on the corporate credit card, nor should they be expensed as a business expense. Under no circumstances shall associates be permitted to book a higher unrestricted fare to qualify for an upgrade",Full,2,2,The policy states: (i) Upgrading an existing tickets to a class upgrade to Premium (Purchased).  (ii) Any additional charges are the responsibility of the employee.
Air Travel,Meals & Entertainment,In Flight Meal Fees and Alcoholic Beverages,,Not available in policy document,Null,0,1,(i)Reimbursable as part of meal allowance or per diem.
Air Travel,Loyalty / Rewards Programs,Airline Rewards and Frequent Flyer Programs,Secondary Content,Frequent flyer programs are considered a personal benefit. You may retain any mileage accumulated for an airline as a result of business travel to be used for personal travel. Using your personal credit card to pay for airfare or allowing airline miles to influence your flight selection is strictly prohibited,Full,0,0,"(i) The policy indicates whether the employee is permitted to retain the benefits of these programs for personal use; however, the policy indicates that (ii) under no circumstances may a higher priced flight or alternate carrier be selected on the basis of participation in one of these programs; (iii) the policy also states that membership fees associated with joining these programs are not reimbursable."
Air Travel,Loyalty / Rewards Programs,Airline Club Memberships,,Airline club memberships within the airports are considered personal expenses by the IRS and will not be reimbursed by the company worldwide,Full,1,1,(i) The policy should indicate if airline club memberships are reimbursable; generally they are not considered reimbursable.
Air Travel,Airline Threshold,Airline Threshold,,Not available in policy document,Null,0,1,Threshold should be provided for Ticket Rates.
Air Travel,Ancillary Air Travel Expenses,Airport Parking,,"You should inquire about corporate rates at airport parking facilities. If your trip is longer than a week, long term parking should be used. Daily parking fees at your home office facility are not reimbursable. Refer to Gartner at Work/Travel Tools/Travel Information (By Country) for Airport Parking.",Partial,1,2,"""The policy indicates (i) spending guidelines for airport parking while traveling on business and the circumstances under which the parking fees are reimbursable; (ii) the policy should prohibit use of high cost short term on-site airport parking facilities."""
Air Travel,Insurance,Flight Insurance,,Additional travel insurance purchased by travelers will not be reimbursed. Employees traveling on authorized company business are covered by the same programs as if you were working within Gartner premises.,Full,2,2,"""The policy states: (i) Costs for additional premiums should not be reimbursable.  (ii) The policy indicates the extent of coverage provided by use of the corporate card if available or through other company-sponsored sources."""
Air Travel,Insurance,Baggage Insurance,,Lost or stolen luggage (including cash) and the cost to replace personal items are the sole responsibility of the traveler. Most airlines will pay for checked lost baggage; all claim checks should be kept to assist in these situations. Refer to Gartner at Work/Travel Tools/Travel Information (By Country)/Global Resources/Travel Insurance for additional information. Expensive items should either be left at home or placed in the traveler's carry-on baggage.,Partial,1,2,"""The policy states:  Employees are to be directed to report any baggage loss to the air carrier immediately; (i) premiums for baggage insurance are not reimbursable as coverage is typically available with the use of a corporate-sponsored credit card.  (ii) Extent of coverage must be detailed in the policy."""
