Category,Subcategory,Primary Content,Type,Client Content,Rating,Points,Maximum Score,GBC BEST PRACTICE CONTENT
Meals & Entertainment,Meal,Tipping & Gratuities,,"Tips and gratuities are reimbursable when confined to reasonable limits determined by services required and received. Exorbitant tips – defined as over 25% at a restaurant - will not be reimbursed. Within Oracle Expense Reporting, tips and gratuities for restaurants should be reported as part of the cost of meals, just as tips for taxi drivers should be included in ground transportation. The breakout of tip versus meals must be visible and transparent on the supporting receipts accompany your expense report. In other words, a 'total' with no detail is not permissible support.",Full,1,1,"(i)Gratuities are expected in the service industry but limits must be set for the use of corporate resources. Currency and/or percentage of bill guidelines should be provided for each type of service {meals,  baggage/porter,  concierge/doorman,  housekeeping and  taxi} and travel destination by way of a detailed appendix."
Meals & Entertainment,Meal,Definitions of Meals,,Not available in policy document,Null,0,1,"(i)The policy contains a definition of ""personal meals"" to eliminate confusion between meals while traveling and business entertainment."
Meals & Entertainment,Meal,Spending Guidelines,,"All meals over $75 or the international equivalent must have a receipt. For client billable engagements, receipts are required regardless of the amount and regardless of whether the client requires receipts. Meal limits are limits (not per diems) and will vary according to destination. Please see the Global Travel and Entertainment Policy, Appendix A. These meal limits include all tips and taxes. Meals costs over the maximum daily allowance are not reimbursable.",Partial,1,2,The policy states (i) a  daily or per meal guidelines  expressly including taxes and gratuities.  (iii) Per diem or per meal rates by geographic region provided in detail in appendix or on-line link form eliminate subjectivity in the application of spending guidelines.
Meals & Entertainment,Meal,Alcoholic Beverages,,"Alcoholic beverages are reimbursable if within the prescribed limit defined below. Drinks above this prescribed limit are at the traveler's own expense; and to make expense reporting simpler in instances where consumption exceeds the limit, should not be charged on your corporate credit card. Travelers should limit their alcohol consumption while on company business. At all times, associates are expected to act responsibly and professionally. Gartner employees are to fully consider the appropriateness of alcohol during company business/events and the company's liability when serving and/or consuming alcohol. Alcoholic beverages are not to be billed to clients or any agency of the government. Two drinks per day per person with receipt showing line item detail.",Full,1,1,The policy states (i) if the consumption of alcohol is permitted and/or reimbursable or  is not permitted and/or not reimbursable during business travel.  Policy shall also address alcohol consumption from a duty of care perspective and the responsibility that a company should show towards it's employees.
Meals & Entertainment,Meal,Employees Dining Together,,"When dining with other associates, the most senior ranking person should expense the meal and note all associates dining on their expense report.",Full,1,1, The policy states (i) who is responsible for paying the bill when there is more than one employee present.  Requiring the most senior staff member in attendance to pay the bill is a best practice.
Meals & Entertainment,Meal,Meal Payment Methods,,The corporate credit card must be used for all Gartner-approved travel business expenses. Using a personal credit card for business travel expense is strictly prohibited.,Full,1,1,The policy indicates (i)  the preferred method of payment for meal expenses if it differs to the instruction in the general travel arrangements or expense management. Alternatively refers to that (link/section/area).
Meals & Entertainment,Meal,One Day Trip Meal Reimbursement,Secondary Content,Meals taken by an employee who is required to work in the office (away from home) for more than 10 hours per day or during a holiday/weekend may be reimbursed up to a maximum of $15 per day with managers approval.,Full,0,0,The policy states (i) under what conditions meal reimbursement is permitted if travel does not include an overnight stay.
Meals & Entertainment,Entertainment,Definitions of Business Entertainment,,"Entertainment expenses are reimbursable only when used to enhance a business opportunity or discussion for Gartner. Every attempt should be made to optimize these expenses. The choice of entertainment should be made with good business judgment. Lavish, extravagant or unreasonable entertainment expenses will not be reimbursed.",Full,1,1,"The policy states (i)  a definition of ""business entertainment"" to eliminate confusion between personal meals while traveling and business entertainment."
Meals & Entertainment,Entertainment,Spending Guidelines,,"Business meals may be purchased for clients, vendors and others with whom the company has business dealings when it is considered in the best interest of the company. You should show specific details showing names and titles of guests. Meals with anyone other than you should be classified as either Entertainment Client - Domestic/International or Entertainment/Meals – Staff, whichever is appropriate.",Partial,1,2,The policy states (i) that details regarding the nature of the meeting and the person(s) entertained be documented on the original receipt and reimbursement claim.  (ii) Spending guidelines regarding type of permissible entertainment and maximum spend limits per person should be included. The meeting shall be pre-approved by the appropriate level of management.
Meals & Entertainment,Entertainment,Preferred Vendors,Secondary Content,Not available in policy document,Null,0,0,Many global companies have negotiated discounted rates with preferred restaurants/chains worldwide.   (i) The policy shall indicate if preferred vendors exist and (ii) include a requirement for travelers to use these preferred vendors where possible.
Meals & Entertainment,Team Building,Team Building Events,,Not available in policy document,Null,0,1,The policy states (i) that details regarding the nature of the event and the participating employees be documented on the reimbursement claim.  Spending guidelines regarding type of permissible entertainment and maximum spend limits per person shall be included and The meeting should be pre-approved by the appropriate level of management.
Meals & Entertainment,Entertainment,Entertaining Government Employees,,Alcoholic beverages are not to be billed to clients or any agency of the government.,Full,2,2,"(i) The policy must state, if applicable, the appropriateness of entertaining government employees.  (ii) The policy must also state that any per diems must be honored and followed."
Meals & Entertainment,Miscellaneous Expenses,"Gifts including Flowers, Greeting Cards, Souvenirs, etc.",,Not available in policy document,Null,0,1,"(i) The policy should state under which circumstances this is reimbursable. (ii) If deemed reimbursable, guidelines for spending must be provided. Best practice: To be deemed reimbursable the gift must clearly be considered a legitimate business expense and the circumstances for the gift provided"
