Category,Subcategory,Primary Content,Type,Client Content,Rating,Points,Maximum Score,GBC BEST PRACTICE CONTENT
Risk Management,Internet,Internet Services,,Internet charges can sometimes be very costly. Refer to Gartner at Work/Travel Tools/Travel Information (By Country) for hotels that have internet included in the rate.,Partial,1,2,"The policy states (i) whether internet / wifi access is included in the negotiated air fare or hotel rate, through the company's preferred supplier program. (ii) typically needed for all travelers so it should be mentioned what reimbursement will be when this is not included in the airfare or hotel rate.  Possibly consider distinguishing ""premium internet access"" versus ""standard access"" for reimbursement considerations."
Risk Management,Insurance,Travel Accident Insurance,Secondary Content,Employees traveling on authorized company business are covered by the same programs as if you were working within Gartner premises. Additional travel insurance purchased by travelers will not be reimbursed.,Full,0,0,"Companies typically provide coverage for employees traveling on company business. (i) Traditionally, companies do not reimburse employees for purchasing additional travel insurance covering life, personal injury, accidents, and liability. The policy must specify that employees may purchase additional insurance at their own expense as premiums are not reimbursable. (ii) Policy will continue verbiage from or link to Human Resources or Benefits manual for details on insurance coverage."
Risk Management,Insurance,Loss/Theft of Valuables While Traveling on Business,,"If your car is broken into and personal items such as briefcases or laptops are stolen, this is not covered under the insurance we obtain from our car rental companies. It may be covered under other corporate insurances. In these cases, we recommend you email both Travel Feedback and Gartner's Risk Manager, for individual assistance.",Partial,1,2,"The policy states: Employees are expected to take appropriate precautions to minimize their exposure to accidental and criminal loss and damage to Company and Personal property while traveling on business.  (i) The policy will provide guidelines for employees in the event of a loss, including reporting the details to local law enforcement, the air carrier or hotel/car rental vendor, the corporate Risk or Security department and obtaining a copy of the police report. (ii) Company corporate credit cards often provide some coverage in the event of loss or theft and therefore the company will not reimburse travelers for lost or stolen items; if applicable, details regarding coverage should be detailed in the policy."
Risk Management,Health and Safety,Number of employees permitted to travel together on the same flight,,"Due to insurance and risk considerations, associates flying together on one plane must be fewer than forty (for Winner's Circle the limit is fewer) unless approved by the Company's Risk Manager via Travel Feedback email box in Outlook. It is NOT advisable for large teams to travel on the same flight.",Full,2,2,"The policy states that (i) Establish a policy regarding the maximum number of employees permitted to travel together on the same flight in order to avoid the consequences in the event of an accident. Criteria used to develop this policy may include employee rank, relationship between departments & offices, and the total acceptable number of employees traveling together in each category.  (ii) Exceptions require approval of Senior Management and/or the Risk Management department."
Risk Management,Health and Safety,General Safety Tips,,"If you encounter accommodation or a means of transportation that you feel poses a threat to personal safety, you may contact your TMC to request alternate arrangements. More safety tips are available at Gartner/ISOS portal or Gartner at Work/Travel Tools/Travel Information (By Country)/Safety While Traveling.",Full,1,1,"The policy states; (i) providing safety tips or a reference to where to obtain safety trips to minimize personal risk.  Consider tips related to personal safety, hotel safety, and airport safety.  A review of ""what to do in the event of"" scenarios prior to departure improves awareness of the traveler."
Risk Management,Health and Safety,Emergency Medical and/or Evacuation Assistance.If Employee Becomes Ill While Traveling,,"If a traveler becomes ill or is injured while traveling on Company business they must report the illness/injury to their manager as soon as possible. If you are traveling internationally and you need medical advice or assistance of any type, you may contact ISOS immediately. If an employee incurs medical expenses during a business trip the employee must advise the Risk Management department in writing. Medical bills incurred during domestic travel are not reimbursable.",Partial,2,3,"The policy states (i) Employees to be advised to contact corporate resource, i.e.., International SOS evacuation service, or internal corporate department which will make necessary arrangements.  (ii) If an ISOS account is provided, detailed contact information must be provided.The policy states  Employee must be provided with contact information, i.e.., immediate supervisor, 24-hour emergency travel services number, in the event of illness during travel; (iii) reference to medical insurance coverage and/or extent of company responsibility for related expenses is also appropriate; the policy will provide detailed information for the travelers family to travel to the employee if incapacitated."
Risk Management,Health and Safety,Policy Exceptions for Employees with Special Needs,,"Medical exceptions require an original, dated letter from your physician which documents a) the medical need requiring an exception to airline class, b) the length of flight where business class is required, and c) whether the condition is permanent (chronic) and/or the expected end date for this need.",Full,2,2,"The policy clearly states (i) if exceptions to stated policy for travelers with disabilities, i.e.., upgrades to air travel class accommodations, are acceptable and (ii) identify the necessary approval requirements."
Risk Management,Health and Safety,Travel Interruption due to Personal Emergency,,Not available in policy document,Null,0,1,"In instances when a business trip is interrupted due to a family emergency, all reasonable expenses incurred to return home are reimbursable."
Risk Management,Road warriors,Other Executive or Frequent Traveler Perks,,Not available in policy document,Null,0,1,The policy states (i)  to whom these perks apply by identifying management rank or minimum frequency of travel. The perks shall be clearly identified and guidelines detailed in full.
Risk Management,Road warriors,Registered Traveler Program,Secondary Content,"Registered Trusted Traveler Programs intended to help travelers navigate security in a more timely fashion are reimbursable if you have travelled (10) or more times in the past twelve months. U.S. Travelers are able to submit this expense for reimbursement (with receipt) in an amount not to exceed $100 USD only ONCE every five years. If you reside outside the U.S., you can submit reimbursement (with receipt) for an amount equal to the cost of one BASIC level program (not Plus/Premium). Only one active program is reimbursable per traveler.",Full,0,0,The policy states (i)  whether the employee is permitted to enroll for the Registered Traveler Program; (ii) to whom these perks apply by identifying management rank or minimum frequency of travel; (iii) The policy will indicate if the Registered traveler program fees are reimbursable or not.
Risk Management,Health and Safety,Health Precautions - Immunizations,,IMMUNIZATION costs will be reimbursed for those traveling to countries with specific requirements. Consult with your medical professional before traveling to determine those requirements. Please refer to the Gartner/ISOS portal or Centers for Disease Control and Prevention.,Full,1,1,"""The policy states (i) Travelers to be advised to consult with medical professionals to discuss or review any immunizations that may be required for international travel.  The policy should indicate if service fees are a reimbursable expense."""
Risk Management,Road warriors,Frequent Traveler Provisions - Air Travel,,Not available in policy document,Null,0,1,"""The policy states: (i) For employees required to travel at least once per month, air travel class of accommodation is permitted to higher cabin (if permitted) for flights of specific duration. """
Risk Management,Insurance,Corporate Card & Travel Agency Insurance Coverage,,INSURANCE PROTECTIONS: Contact Travel Feedback (email box within Outlook) with specific inquiries regarding card insurance. Employees traveling on authorized company business are covered by the same programs as if you were working within Gartner premises. Additional travel insurance purchased by travelers will not be reimbursed. Please refer to: Gartner at Work/Travel Tools/Travel Information (By Country)/Travel Insurance for worldwide global coverages.,Partial,1,2,"""The policy states: (i) If the company corporate card includes insurance coverage when the card is used to purchase travel arrangements; (ii) include a separate section outlining the coverage or referring to an on-line link to provide details of coverage (could include AD&D, Flight Insurance, Car Rental-CDW, Delayed Flight, Theft & Lost Baggage, Medical, Life, etc.) """
