Category,Subcategory,Primary Content,Type,Client Content,Rating,Points,Maximum Score,GBC BEST PRACTICE CONTENT
Group & Events Travel,Definition,Definition,,"Due to insurance and risk considerations, associates flying together on one plane must be fewer than forty (for Winner's Circle the limit is fewer) unless approved by the Company's Risk Manager via Travel Feedback email box in Outlook. It is NOT advisable for large teams to travel on the same flight. For specific Event travel policies, please see Gartner at Work/Events/Events on Demand.",Partial,1,1,"It is important that policies and guidelines be established for groups as there is a great opportunity to negotiate reduced rates for air travel, lodging, meals and other required services. (i) The travel policy shall include a definition of a group, i.e.., minimum number of employees to which group meeting policy applies.The definition should provide detail as to why the policy exists, who it is targetted towards and what is required of all individuals who need to follow it.Consider also adding the requirements of an attendee (From the organisation) upon attending a meeting or event"
Group & Events Travel,Compliant Booking Behavior,Booking Process,,Certain company events (such as offsite meetings or Symposium) may disallow business class travel and the go coach for cash program in order to meet budget constraints. Event specific travel policies supersede the Global Travel and Entertainment Policy.,Partial,1,2,"The policy states (i) booking instructions including requiring that arrangements be made through a designated meetings management group/designated travel agency.  If such a resource exists, (ii) its use must be mandated and contact details for the individual or department responsible for Group & Meeting travel are provided."
Group & Events Travel,Preferred Suppliers,Preferred Suppliers,,Not available in policy document,Null,0,2,"The policy states (i) a list of preferred venues MGE suppliers such as production, creative and technical providers (ii) should mandate the use of preferred vendors for group events."
Group & Events Travel,Authorization Process,Spending Guidelines,,Not available in policy document,Null,0,2,The policy states (i) Expense guidelines shall be included in the policy and (ii) the policy shall require budget pre-approval from the specified management level based on nature of the meeting and total budgeted expenditure.
Group & Events Travel,Authorization Process,Authorization Procedures,,Not available in policy document,Null,0,2,The policy states the required authorization procedures for (i) group-related expenses as well as (ii) individual participant's expense claims related to the group meetings.
Group & Events Travel,Payment Methods,Group & Event Payment Methods,,Not available in policy document,Null,0,1,The policy indicates (i)  the preferred method of payment for group & meeting related expenses if it differs to the instruction in the general travel arrangements or expense management. Alternatively refers to that  (link/section/area).
Group & Events Travel,Hotel Individual Expenses,Individual Employee's Hotel Charges,,Not available in policy document,Null,0,2,The policy states: (i) Individual hotel charges not covered as part of the group & meeting event guidelines  must be billed to employees personal card unless otherwise specified (ii) refer back to lodging travel policy section
Group & Events Travel,Meals & Entertainment,Meal Charges,,Not available in policy document,Null,0,2,The policy states: (i) Individual meal charges not covered as part of the group & meeting event guidelines  must be billed to employees personal card unless otherwise specified  (ii) refer back to meals travel policy section
Group & Events Travel,Risk Management,Meeting Security & Risk Management Responsibility,,Not available in policy document,Null,0,1,The policy states: (i) Meeting hosts and/or the designated meeting planners selecting off-site company locations such as meeting venues are accountable for ensuring adequate security measures are taken for the safety of meeting attendees in alignment with the corporate risk management department (If applicable)
Group & Events Travel,Roles & Responsibilities,Contact Details,,Questions should be directed to: Travel Feedback in Outlook.,Partial,1,1,The policy states: (i) The contact details for individual/department responsible for  Group & Meeting travel are provided.
Group & Events Travel,Companion Accompaniment,Companion Accompaniment at the Request of the Company,,"If you are traveling on business and you would like to bring a companion, the companion is only authorized to book travel via our Travel Management Company if an approved exception from Travel Feedback is obtained beforehand.",Partial,1,2,"The policy states (i) If a companion is invited to travel with a senior executive employee at the request of the Company, expenses will be reimbursed and the travel expenditures subject to the same policy requirements as those of an employee.  (ii) The policy will indicate if company insurance coverage extends to the companion."
Group & Events Travel,Companion Accompaniment,Companion Accompaniment - Personal Travel,,"If you are traveling on business and you would like to bring a companion, the companion is only authorized to book travel via our Travel Management Company if an approved exception from Travel Feedback is obtained beforehand.",Partial,1,2,"The policy states  (i) If the policy permits a companion to travel with a senior executive employee, the policy will state whether any additional costs are reimbursable by the Company (ii) or not.  "
Group & Events Travel,Personal Travel Combined with Business,Personal Travel Combined with Business,,"Personal travel may be combined with business travel only if: 1) There is ZERO additional cost to the company, supported by a written verifiable AMEX Travel quote for air and hotel where only the business requirement date is used, and 2) Your Manager has pre-approved in writing and this written approval is submitted with your expense report, specifying which dates were business and which were personal. 3) Your receipts are complete and verifiable.",Full,3,3,"The policy states (i) whether personal travel can be combined with business; usually it is permitted if there is no additional cost to the organization and supervisor approval is obtained. (ii) The policy will outline if corporate-negotiated rates and insurances are applicable to the personal/leisure portion of the trip.  (iii)  The policy will require the employee to clearly indicate, in writing, the portion of the trip deemed ""personal"" for purposes of Company liability, insurance coverage, etc. (including stop overs)."
Group & Events Travel,Personal Use,Personal Use of Corporate Preferred Rates,,Not available in policy document,Null,0,1,The policy states: (i) whether company preferred vendors and/or negotiated rates can be used by employees for personal travel. Allowing use may impact tracking of corporate usage volumes.
Group & Events Travel,Personal Use,Personal Use of Corporate Online Reservation Tool,,"Personal travel is NOT to be booked through the Travel Management Company with one exception. If YOUR trip is an approved business expense, and you wish to personally pay for a companion to join you, there is an exception process to enable you to book both tickets via the TMC (so your seats can be together, etc.). This is meant to be an exception process as AMEX is not staffed to handle personal travel.",Partial,1,3,The policy states: (i) whether the company online reservation tool can be used by employees for personal travel.  (ii) The policy will indicate whether company preferred vendors and/or negotiated rates can be used by employees for personal travel; allowing use may impact tracking of usage volume.  (iii) The policy must indicate if the corporate card can be used.
Group & Events Travel,Companion Accompaniment,Payment Methods,Secondary Content,"Upon approval, Travel Feedback will communicate approval to AMEX Travel who would then be authorized to charge your corporate business card for your business airfare and to accept a personal card (required) to book the companion's airfare. A nominal transaction fee is also charged to the personal card for the processing of the companion ticket.",Full,0,0,The policy states (i)  the preferred method of payment of companion-personal travel related expenses;  (ii) use of the company corporate card must be mandated only if the travel is at the request of the Company.
