Category,Subcategory,Primary Content,Type,Client Content,Rating,Points,Maximum Score,GBC BEST PRACTICE CONTENT
Hotel Lodging,Preferred Supplier,Preferred Suppliers,,"Gartner has negotiated preferred properties in certain (limited) locales. When considering whether to book at one of our listed preferred or a lower cost alternative, please weigh all factors including parking, internet access, breakfast and transportation to/from the local office. Please refer to the Gartner at Work/Travel Tools/Travel Information (By Country) for Gartner's negotiated rates and complimentary benefits at all properties where we have negotiated rates.",Partial,1,2,"Most global companies have negotiated discounted rates with preferred hotel properties worldwide.   (i) Definition  - access negotiated discounted rates & value added amenities. Reference location of ""how""  (ii) the policy will mandate that travelers support the hotel program & use these hotels where available(.""Why"" cost / duty of care / corporate culturePeople - Planet/Culture - Profit)"
Hotel Lodging,Compliant Booking Behavior,Hotel Selection Guidelines and Standards of Accommodation,,"In cities where we do not have preferred hotels, the lowest logical mid-tier hotel that meets your business need should be used. Reservations booked and confirmed by the agency will be automatically guaranteed for late arrival using the traveler's corporate credit card.",Partial,1,2," In destinations where the company does not have a hotel program/preferred property identified, (i) the policy will identify selection guidelines re: spending limits, accommodation class, amenities.  (ii) The policy will prohibit the use of premium properties or class of accommodation."
Hotel Lodging,Preferred Supplier,Chain Wide Agreements,,Not available in policy document,Null,0,1,"The policy states whether the company has chain wide discount program with hotel companies (i) when an employee travels to a destination that either does not have a preferred hotel in the program or the preferred hotel is sold out, the employee will book a hotel within the chains portfolio "
Hotel Lodging,Payment Method,Hotel Payment Method,,Reservations booked and confirmed by the agency will be automatically guaranteed for late arrival using the traveler's corporate credit card. Lodging arrangements should be made at the time of airline booking.,Full,1,1, The policy indicates (i)  the preferred method of payment for hotel expenses if it differs to the instruction in the general travel arrangements or expence management. Alternatively refers to that  (link/section/area).
Hotel Lodging,Unforeseen Travel Circumstances,No-Show/ Cancellation Charges,,"Cancellations for hotel reservations must be made with the agency prior to the hotel cancellation policy. When making a reservation, read the cancellation policy before booking as many hotels require a 24 to 48 hour cancellation policy. You should obtain a cancellation number and confirmation to avoid billing disputes. Failing to cancel within the specified time will result in a No Show and will be billed to your corporate credit card. No Show charges will not be reimbursed unless approved by your Manager.",Full,2,2,"The policy indicates (i) to provide travelers with instructions to cancel guaranteed reservations, either by contacting the hotel directly or the travel agency/travel department. The traveler will be advised to obtain a cancellation number. (ii) The policy also states that any penalties incurred for non-cancellation of guaranteed hotel reservations will be the responsibility of the traveler and not reimbursable."
Hotel Lodging,Compliant Booking Behavior,Upgrades,,You are required to reserve standard rooms only. You may accept room upgrades to suites or executive floor rooms ONLY if the upgrade is at no additional cost to the company.,Full,2,2,"(i) If the policy allows for upgrade to the class of accommodation, specific circumstances should be detailed and/or there should be no incremental cost to the company; and (ii) approval from the stated management level will be obtained prior to booking or upgrades strictly prohibited."
Hotel Lodging,Compliant Booking Behavior,"Shared Economy Accommodation (i.e. Airbnb, HomeAway & Flipkey)",,Not available in policy document,Null,0,1,"Shared economy housing, if permitted as per policy,  should have a 5 nights minimum stay, and should be compared to an extended stay property type establishment. Client to assess the value of traveler comfort/ potential meal expense savings related to the home-stay"" nature of shared economy providers. This should be used to set the allowable preferred property policy rate difference.Overall risk tolerance should be defined to consider safety, availability of check-in and cancellation policy"""
Hotel Lodging,Extended Stay,Use of Low Cost or Extended Stay Properties,,Not available in policy document,Null,0,2,The policy states and outlines the use of extended stay properties and guidelines (typically for trips that exceed 30 - 45 days.) (i) The policy will provide spending guidelines for extended stay; (ii) policy will outline whether extended stay properties are included in the company's preferred hotel program; and the policy must state if extended stay properties should include a kitchenette in lieu of dining out.
Hotel Lodging,Meals & Entertainment,Room Service,,Not available in policy document,Null,0,1,Reimbursable as part of meal allowance or per diem.
Hotel Lodging,Ancillary Hotel Travel Expenses,"Laundry, Dry-cleaning & Pressing or Valet Services",,Laundry and dry cleaning charges are reimbursable only if the traveler is away from home five or more consecutive nights. Receipts must be submitted with the expense report. Alteration charges are not reimbursable.,Full,1,1,The policy states: Reimbursable only if the employee is required to travel for x or more consecutive days. (AMEX GBT Best Practice = min 5 days)
Hotel Lodging,Ancillary Hotel Travel Expenses,"In-room movies and videos formerly called newspapers, videos and hotel room movies",Secondary Content,Hotel room movies are not reimbursable as per the non-reimbursable hotel expenses section,Full,0,0,Not a reimbursable expense.
Hotel Lodging,Ancillary Hotel Travel Expenses,Hotel Health & Fitness Centre Charges,,Health club fees are listed as non-reimbursable hotel expenses,Full,1,1,"The policy indicates (i) if the company will reimburse fees when an employee is away for a specified minimum number of days. The most cost-effective practice is to ensure preferred hotels provide health club facilities at no charge so that reimbursement is not required and commitment to employee health is preserved, therefore, (ii) generally, this expense is not reimbursable."
Hotel Lodging,Hotel Complimentary Transportation,Airport Transportation,Secondary Content,Please refer to Gartner at Work/Travel Tools/Travel Information (By Country) to see if our preferred hotels have included a complimentary shuttle,Full,0,0,The policy states if airport transportation has been negotiated as part of the preferred rate at the hotel (i) employees must utilize complimentary transportation to/from the airport to avoid additional travel expenses.
Hotel Lodging,Hotel Complimentary Transportation,Office Transportation,Secondary Content,Not available in policy document,Null,0,0,"The policy states(i) if to/from office transportation has been negotiated as part of the preferred rate at the hotel, employees must utilize complimentary transportation to/from the company's local office to avoid additional travel expenses."
Hotel Lodging,Ancillary Hotel Travel Expenses,Parking at Hotel,Secondary Content,"Parking fees for your personal car or rental car will be reimbursed when traveling to business meetings with Associates, clients or vendors",Full,0,0,The policy states (i) whether parking is included in the negotiated rate through the company's preferred hotel program
Hotel Lodging,Loyalty / Rewards Programs,Hotel Loyalty or Rewards Programs,Secondary Content,"Travelers are encouraged to join our preferred vendors' programs; however, participation must not influence your hotel selection if it affects the cost-savings. The membership programs provide additional benefits and may apply points to your frequent traveler programs. Membership fees associated with joining these programs are not reimbursable",Full,0,0,"(i) The policy indicates whether the employee is permitted to retain the benefits of these programs for personal use; however, the policy will indicate that (ii) under no circumstances may hotel accommodation be selected on the basis of participation in one of these programs; (iii) the policy will also state that membership fees associated with joining these programs are not reimbursable."
