Category,Subcategory,Primary Content,Type,Client Content,Rating,Points,Maximum Score,GBC BEST PRACTICE CONTENT
Sustainability,Purpose,Overriding Principles and Environmental Impact,,Wise use of our resources is essential to remaining strategically competitive and maintaining profitability. Each traveler plays an important part in managing company expenses and contributing to our success and growth.,Partial,1,3,"The policy states (i) The Company policy will include a statement of purpose and objective to reduce the climate impact of its T&E operations, and strive to minimize Carbon Emissions. (ii) Allign with company wide ESG goals. (iii)Employees should involved and understand what climate action we are taking as a company to minimize any negative impact on the planet and have the tools and visibility to make sustainable travel choices."
Sustainability,Expense Management,e-documents (Statements bills invoices etc),,All expense reports and receipts must be submitted electronically through Oracle i-Expense system. Electronic receipts are acceptable.,Partial,1,2,"The policy states (i) Electronic receipts or E-Invoices are permissible in accordance with the appropriate & acceptable document guidelines (ii) the Corporate Card monthly statements will be provided electronically, wherever possible."
Sustainability,Expense Management,On-line Approval for Requests for Expense Reimbursement,,Expense reports must be submitted and approved electronically through Oracle i-Expense within 15 days of incurring the expense.,Full,1,1,"The policy states (i)  that approvals must be obtained via electronic means, where available through the Automated Expense Management system. "
Sustainability,Air Travel,Vendor Selection based on Vendor Environmentally and Socially Responsible Programs - AIR travel,Secondary Content,Not available in policy document,Null,0,0,"The policy states: (i) That vendor selection for AIR travel has been based on Eco friendly programs offered by the air carriers. (Alternative fuel research, recycling, use of organic, local and fair trade food, green design of on-the-ground buildings and carbon offsets)(ii) Most airlines offer customer-facing dashboards that travel managers can use to track their organiza-tion's emissions from air travel."
Sustainability,Hotel Lodging,Vendor Selection based on Vendor Environmentally and Socially Responsible Programs - LODGING accommodations,Secondary Content,Not available in policy document,Null,0,0,"The policy states: (i) That vendor selection for LODGING accommodation has been based on Eco friendly programs offered by the hotels, including towel and linen re-use program, water conservation, in-room recycling programs, etc. (ii) Metrics on sustainability efforts of hotels are par-ticularly complex and difficult to standardize.But green building certification, with LEED certification as the gold standard, can at least provide a benchmark for hotel sustainability. "
Sustainability,Ground Transportation,Vendor Selection based on Vendor Environmentally and Socially Responsible Programs - GROUND,Secondary Content,Not available in policy document,Null,0,0,"The policy states: (i) That vendor selection for CAR Rentals and other ground transport providers has been based on Eco friendly programs offered by the suppliers, including EV, Hybrid, paperless transaction, water conservation, etc. "
Sustainability,Ground Transportation,Car Rental Upgrades - Environmental Impact,,"Reimbursement will be for only midsize cars or smaller, unless there are multiple travelers riding together.",Partial,1,1,The policy states: (i) That car rental upgrades to a bigger car class is prohibited due to emission concerns and increased costs unless its an EV or a Hybrid as per Ground Policy.
Sustainability,Ground Transportation,Taxi vs. Car Rental/Taxi vs. Car Service,,"For day trips more than 300 miles round-trip, it will generally be less expensive to rent a vehicle than to use your personal automobile. If an individual still chooses to use their vehicle when a rental would be less costly, the request for mileage reimbursement should not exceed the amount of the rental.",Partial,1,1,The policy states: (i)The policy will set guidelines for use of personal car vs. car rental and/or  use of car rental vs. car service  from a environmental perspective.  
Sustainability,Travel Documents,Mobile Device Boarding Passes,,Not available in policy document,Null,0,1,The policy states (i) Travelers are encouraged to download their boarding pass directly to their smart-phone or other mobile devices.  This process saves time at the counter and at the kiosk.
Sustainability,Compliance,Company Sustainability Policy,,"Web, Tele & Videoconferencing should be considered as an alternative to travel when travel is not necessary.",Partial,1,3,"The policy states (i) A reference to compliance to the Company Sustainability / Environmental / SCR policy for all travel and entertainment related expenditures reinforces the importance of management of T&E spending and need for employee compliance to policy guidelines.(ii) encouraging a new mindset of 'virtual-first' when considering whether to travel.(iii)  Travel management companies are introducing sophisticated analytics to help clients not only track, but also budget for carbon offsets."
Sustainability,Car Rental,Alternatives to car,,"Car rentals must be booked at the time of air and hotel booking with the TMC. Similarly, for business mileage expense around your own town, consider the mileage that will be driven and choose the most cost effective method – a rental car or your own car claiming mileage.",Partial,1,1,"""The policy requires (i) that prior to renting a car, an evaluation of the CO2e emissions of shuttle, sharing economy ride hailing app,  or public transportation (bus, subway) versus the emissions of the rental car should be considered.The policy requires that prior to renting a car, an evaluation of the wellbeing impact of a personal car, taxi or car service versus the impact of the rental car should be considered."""
Sustainability,Public Transportation including Buses and Shuttles,Public Transportation including Buses and Shuttles,,Please refer to Gartner at Work/Travel Tools/Travel Information (By Country). Many hotels provide transportation or shuttle service and should be utilized whenever possible.,Partial,1,1,"""The policy states that (where safe) the usage of public transport, ground transport sharing and use of shuttles where available reduces CO2e emissions versus individual car rental and individual car transfer services."""
Sustainability,General,Rail vs Air,,Rail must be used when: It is less expensive than air travel and adds no more than one and a half hours to the total travel time. Total elapsed time is less than if driving.,Partial,1,2,"""The policy states;  (i) travelers to consider rail transportation if it is available and less carbon intensive than air travel or car rental.  (ii)  Provides time guidelines for when it is permissible / advisable to use rail service over air."""
Sustainability,General,Bike rentals,Secondary Content,Not available in policy document,Null,0,0,"""The policy states;  (i) If Bike travels are permitted/allowed as per the policy, if so (ii) travelers to consider Bike rentals if it is available and less carbon intensive than cab/taxi/car rentals (iii) Provides time guidelines for when it is permissible / advisable to use bike rentals over cab/taxi/car rentals."""
Wellbeing,Health & Safety,Health & Safety,Secondary Content,"Safety and security are always of primary importance when employees are traveling on Gartner business. If you encounter accommodation or a means of transportation that you feel poses a threat to personal safety, you may contact your TMC to request alternate arrangements.",Partial,0,0,The policy states: (i) Our priority is to ensure the health safety and wellbeing of all employee's during business travel. Frequent travel could be harmful. Company advises travel managers to track traveler patterns as an effective way of measuring one aspect of employee wellbeing.
Wellbeing,Health & Safety,SOS Service for Employee,Secondary Content,"ADVICE AND ASSISTANCE WHEN TRAVELING ABROAD is available to all global travelers traveling outside their home country via Gartner's International SOS membership. This service sends you destination based pre-trip advisories to help you prepare for departure, and offers assistance (medical or security advice and assistance) via ISOS's 24 hour global call centers. When you need help away from home for a variety of needs, assistance will be available. Simply provide Gartner's ISOS Membership number 11BYCA096938 when calling.",Full,0,0,"The policy states that is these a SOS service in place with a travel security and medical assistance services provider, International SOS (Intl. SOS) who offer travel health and safety information, medical and security support services as well as crisis assistance during an incident to all employees."
Wellbeing,Health & Safety,Employee satisfaction survey,Secondary Content,Not available in policy document,Null,0,0,Tracking traveler sentiment via surveys is also now a necessity. Surveys should include questions that go well beyond current basics (such as evaluating suppliers and systems) and ask employees questions to gauge how they personally feel about travel.
Wellbeing,Health & Safety,Vacation to business trip,Secondary Content,"Personal travel in conjunction w/ Business: Personal vacation travel may be combined with business travel only in the below circumstances: 1. There is ZERO additional cost to the company, supported by a written verifiable AMEX Travel quote for air and hotel where only the business requirement date is used, and 2. Your Manager has pre-approved in writing and this written approval is submitted with your expense report, specifying which dates were business and which were personal. 3. Your receipts are complete and verifiable.",Full,0,0,More companies are also exploring options from travel suppliers to facilitate adding vacation days to a business trip while ensuring the necessary separation of business travel and personal costs.
Wellbeing,Health & Safety,LGBTQ+ travelers,   ,Not available in policy document,Null,0,1,"Different countries have different levels of legal and social acceptance of LGBTQ+ people. Some countries may have laws that criminalize or discriminate against LGBTQ+ individuals, while others may have more tolerant or supportive attitudes. Therefore, it is important to provide the employees with accurate and updated information about the destination country before they travel. This can help them avoid potential risks and challenges, as well as plan their travel accordingly."
