Client Content,Rating,Points,Gap Analysis
"Gartner has negotiated preferred (primary) contracts with certain airlines. Agents will offer the lowest logical fare, including web fares and regional carrier fares with consideration given to our preferred carriers. Gartner's preferred airlines should be used whenever they reasonably match your itinerary requirements and are reasonably close to the lowest market price.",Partial,1,Rating is Partial Because: Policy mentions preferred carriers but doesn't provide specific names or linksContent: Policy should include names of preferred carriers and explicit requirement to use them when appropriate scheduling/routing available
ONLY these published authorized methods for booking business travel are to be used. Associates are specifically prohibited from going directly to airline carrier websites or the internet to purchase airline tickets.,Full,2,No Gap
All airline travel must be purchased through the designated travel agency or Gartner's online booking tool providers using corporate credit card.,Full,1,No Gap
Lowest logical fares for itineraries offered by the TMC or Gartner's online booking tool providers should be the primary selection criteria. TMC Agents have been tasked with searching for flights three (3) hours prior to the requested departure and three (3) hours later than the requested return in order to search for the lowest fares.,Full,2,No Gap
"Advanced purchase of airline tickets increases the likelihood of a lower fare; therefore, flights should be purchased at least 14 days prior to departure to take advantage of significant cost-savings.",Full,2,No Gap
"All air travel for any segment less than 8 hours in length will be ticketed at the lowest logical fare, which generally means non-refundable, coach or economy class seats. Associates are eligible for business class if flight time exceeds 8 hours per segment OR total flight time exceeds 10 hours without overnight stay with connecting flights.",Full,3,No Gap
"NON-REFUNDABLE, RESTRICTED TICKETS should be used. Non-refundable tickets are generally significantly less expensive. In case of a change to your travel plans, most non-refundable tickets can be exchanged for a fee.",Full,2,No Gap
"Travelers are responsible for cancelling air reservations by using the same method as their booking procedures. If the TMC office is closed, please call the after-hours number provided on your itinerary.",Full,1,No Gap
"If you cancel a ticketed trip prior to the date of departure, you are likely eligible for a credit of the fare of the unused ticket, though restrictions will apply. Please work with the TMC to see if you have unused tickets available to use towards a future trip on the exact same carrier.",Full,1,No Gap
Travelers may volunteer for denied boarding compensation only if: The delay to your trip will not cause an increase in the cost of the trip AND The delay to your trip will not result in any interruption or loss of business. Travelers may keep the free travel voucher for personal use.,Full,2,No Gap
Premium seat assignment charges are not reimbursable.,Full,1,No Gap
"The company will reimburse associates for the first piece of luggage. Where a charge for a second piece of checked luggage is incurred, the company will reimburse travelers for the second bag charge only if the trip is over ten (10) days or if the second bag is required to transport company material.",Full,1,No Gap
"Airline Internet Fees (GoGo, Fly-Fi, Row 44, T-Mobile, OnAir, Panasonic Avionics, etc.) which exceed $20 per flight are not reimbursable.",Full,2,No Gap
All luggage charges must be paid for using the company corporate card. Excess baggage or luggage weight overages will not be reimbursed unless it was material or equipment necessary for business.,Full,0,No Gap
Not available in policy document,Null,0,Rating is Null Because: No information about overnight delaysContent: Policy should include guidance on overnight delays including contacting TMC for hotel accommodations and reimbursement of reasonable expenses beyond employee control
"AIRLINE UPGRADES are NOT reimbursable. They are considered a personal expense and cannot be charged on the corporate credit card, nor should they be expensed as a business expense. Under no circumstances shall associates be permitted to book a higher unrestricted fare to qualify for an upgrade.",Full,2,No Gap
In-flight meal fees are reimbursable within prescribed daily meal limits. Alcoholic beverages limited to two drinks per day per person with receipt showing line item detail.,Full,1,No Gap
FREQUENT FLYER PROGRAMS are considered a personal benefit. You may retain any mileage accumulated for an airline as a result of business travel to be used for personal travel. Using your personal credit card to pay for airfare or allowing airline miles to influence your flight selection is strictly prohibited.,Full,0,No Gap
AIRLINE CLUB MEMBERSHIPS within the airports are considered personal expenses by the IRS and will not be reimbursed by the company worldwide.,Full,1,No Gap
If the airfare on a non-preferred airline vs. a preferred airline results in a savings of $100 or more round trip for domestic flights and $400 or more round trip for international flights you may choose to use the non-preferred airline.,Full,1,No Gap
"Parking fees for your personal car or rental car will be reimbursed when traveling to business meetings or to your local area airport for business purposes. You should inquire about corporate rates at airport parking facilities. If your trip is longer than a week, long term parking should be used.",Full,2,No Gap
Additional flight insurance purchased by travelers will not be reimbursed.,Full,2,No Gap
LOST OR STOLEN LUGGAGE (including cash) and the cost to replace personal items are the sole responsibility of the traveler. Most airlines will pay for checked lost baggage; all claim checks should be kept to assist in these situations.,Full,2,No Gap
