Client Content,Rating,Points,Gap Analysis
Cash advances are strictly prohibited. The policy states: CASH/TRAVEL ADVANCE functionality is not available via the corporate card OR via Accounts Payable or any other method. ANY travel/cash advance is strictly prohibited.,Full,3,No Gap
"The policy states that limo charges should not be directly billed to Gartner. Car service receipts will be e-mailed, faxed or mailed directly to the traveler.",Partial,1,"Rating is Partial Because: Policy only mentions limo charges, not comprehensive central billing guidelines. Content: Need to add clear procedures and approval requirements for establishing central bill/direct invoice for all travel-related vendors."
All Gartner Associates must apply for a corporate credit card within 30 days of hire if traveling 2+ times per year or expensing >$250/yr. The corporate credit card must be used for all Gartner-approved travel business expenses. Using personal credit card for business travel is strictly prohibited.,Full,2,No Gap
"Associates must apply for corporate card within 30 days of hire if traveling 2+ times/year or expensing >$250/yr. For new hires needing immediate travel before receiving card, book air on manager's corporate AMEX with manager approval email.",Full,2,No Gap
Personal charges on corporate card should be marked as personal in Oracle Expense Reports. Associate must immediately pay AMEX directly for personal charges to avoid late fees. Using corporate card for personal expenses is prohibited.,Full,2,No Gap
"If card is lost/stolen, contact Travel Feedback email box and VP Procure-to-Pay. For replacement cards, contact local Accounts Payable department.",Partial,0,Rating is Partial Because: Policy lacks detailed contact information and specific procedures. Content: Need to add clear step-by-step procedures and contact details for reporting lost/stolen cards and obtaining replacements.
Associates are responsible for maintaining card in good standing by submitting expense reports within 15 days of charges. Delinquent balances may lead to suspension/cancellation. Collection processes vary by region.,Full,2,No Gap
Finance charges or late fees caused by associate's inaction are not reimbursable. Credit card accounts unpaid after due date will incur late charges and enter Delinquent Credit Card Balance process.,Full,1,No Gap
Using personal credit cards for business travel expense is strictly prohibited. Personal credit card use only allowed if corporate card not yet received (new hires).,Full,2,No Gap
"Currency conversion for foreign expenses must be reported in local currency where transaction occurred and translated to originating local currency on expense report. Exchange rates should be from credit card statement, bank receipt, or major financial papers.",Full,2,No Gap
"VAT may be reclaimed for certain business expenses incurred overseas, particularly in Europe. Company submits annual VAT refund applications. Travelers must follow local Finance guidance on acceptable VAT receipts.",Partial,0,Rating is Partial Because: Policy lacks specific VAT documentation requirements. Content: Need to add detailed requirements for VAT documentation and specific claim circumstances.
Credit card membership rewards programs on corporate card are considered personal benefit. Fees associated with these programs are not reimbursable.,Full,0,No Gap
"Associates will be reimbursed for reasonable phone charges when traveling if they don't have Gartner direct-billed mobile phone. Must use cell phone, laptop softphone or client phones when possible.",Full,0,No Gap
"In many countries, Gartner has direct-billed mobile program. Mobile expenses not reimbursable through expense reporting and should not be paid with corporate credit card in these countries.",Full,0,No Gap
Associates not on direct-billed mobile program will be reimbursed for reasonable business calls if softphone/toll-free unavailable. Must provide original phone bill highlighting business calls.,Full,0,No Gap
"For international calls, personal calls up to $10/day may be reimbursed with detailed support. Those on Gartner mobile plan cannot expense personal calls.",Full,0,No Gap
Expense reports must be completed in Oracle within 15 days from date expense was charged to card. May require separate reports for advance airfare vs actual travel dates.,Full,2,No Gap
"Submit signed hard copy expense report and original receipts immediately after completion. For client billable work, receipts required regardless of amount or client requirements.",Full,2,No Gap
"Managers must timely approve/reject in Oracle, review receipts for policy compliance, remain responsible despite delegates, and handle individual cases to ensure compliance.",Full,2,No Gap
Complete expense report in Oracle within 15 days from date expense charged to card. Submit signed hard copy and original documentation immediately after completion.,Full,1,No Gap
"Original receipts required for expenses $75+ for non-billable work. For client billable engagements, receipts required regardless of amount or client requirements. AMEX statements not acceptable documentation per IRS.",Full,2,No Gap
"When submitting lodging expenses, costs must be broken out as separate line items (room/tax, meals, phone) and submitted under appropriate expense category daily. 'Other' category not appropriate when specific category exists.",Full,1,No Gap
"All meals over $75 or international equivalent must have receipt. For client billable engagements, receipts required regardless of amount.",Full,1,No Gap
Not available in policy document,Null,0,Rating is Null Because: No information about reimbursement process and timelines. Content: Need to add clear instructions for processing balances and commitment to reimburse within 5 days of expense claim receipt.
Not available in policy document,Null,0,Rating is Null Because: No information about tax implications of employer-paid travel benefits. Content: Need to add caution about income tax implications from points/rewards earned through business travel.
Not available in policy document,Null,0,Rating is Null Because: No information about government-related expenses. Content: Need to add requirement for pre-approval of all government expenses by senior management.
Meal limits are limits (not per diems) and vary according to destination. See Appendix A for complete listing by location.,Full,1,No Gap
Not available in policy document,Null,0,Rating is Null Because: No information about dependent care expenses. Content: Need to add guidelines for dependent care expenses during travel.
Not available in policy document,Null,0,Rating is Null Because: No information about clothing/luggage expenses. Content: Need to add policy on reimbursement for emergency clothing/luggage needs.
Not available in policy document,Null,0,Rating is Null Because: No information about computer privacy screens. Content: Need to add policy on reimbursement for privacy screens.
"Personal items like magazines, newspapers, toiletries not reimbursable except in case of lost baggage.",Full,1,No Gap
Administrative services at hotel business centers are reimbursable.,Full,0,No Gap
Not available in policy document,Null,0,Rating is Null Because: No information about business-related subscriptions. Content: Need to add policy on reimbursement for business publications with pre-approval requirement.
