Client Content,Rating,Points,Gap Analysis
CASH/TRAVEL ADVANCE functionality is not available via the corporate card OR via Accounts Payable or any other method. ANY travel/cash advance is strictly prohibited.,Full,3,No Gap
Not available in policy document,Null,0,Rating is Null Because: No information about central billing or direct invoice in policy documentContent: Policy should include procedures and approval requirements for central billing/direct invoice setup and documentation requirements
"All Gartner Associates must apply for a corporate credit card within 30 days of hire if either: 1) traveling on company business two or more times a year, or 2) Expensing >$250/yr in approved business expenses (excluding mileage). The corporate credit card must be used for all Gartner-approved travel business expenses.",Full,2,No Gap
"For general information on the corporate card issuance, see Gartner at Work/Travel Tools/Travel Information. To apply for the Corporate Credit Card, choose your country of employment from the right hand navigation menu at Forms and Policies – Disbursement Services.",Full,2,No Gap
Incidental personal charges on your corporate card should be marked as personal within Oracle Expense Reports. The associate becomes responsible for immediately cutting a check directly to American Express Card for that same amount to avoid late charges.,Full,2,No Gap
"If your car is broken into and personal items such as briefcases or laptops are stolen, this is not covered under the insurance we obtain from our car rental companies. Contact Travel Feedback and Gartner's Risk Manager for assistance.",Full,0,No Gap
Most corporate cards are personal liability cards and it is the responsibility of the Associate to maintain this card in good standing by submitting expense reports within fifteen days of incurring a charge.,Full,2,No Gap
Credit card accounts that remain unpaid after the due date will incur additional late charges. Finance charges or late fees on credit cards caused by the associate's inaction are not reimbursable.,Full,1,No Gap
Using Personal credit cards for your business travel expense is strictly prohibited.,Full,2,No Gap
"All expenses incurred in a foreign country must be reported in the local currency where the transaction occurred and translated to your originating local currency on your expense report. The current rate of exchange should be taken from: Daily rates published on Currency Converter, Credit card statement, Bank exchange receipt, Major financial newspapers.",Full,2,No Gap
"VAT may be reclaimed for certain business expenses incurred overseas, particularly in Europe. The company submits applications for VAT refunds annually. Travelers must follow the guidance of their local Finance personnel as to what constitutes an acceptable receipt for VAT reclaim purposes.",Full,0,No Gap
CREDIT CARD MEMBERSHIP PROGRAMS on your corporate card are considered a personal benefit with which you can obtain points to be used toward airline tickets and/or merchandise for you and your family. Fees associated with these programs are not reimbursable.,Full,0,No Gap
"Associates will be reimbursed for reasonable and customary phone charges when traveling on company sponsored business if they do not have a Gartner direct-billed mobile phone. While traveling, associates will be expected to use their cell phone, their laptop based soft-phone or client provided phone services.",Full,0,No Gap
"In many countries, Gartner utilizes a direct-billed mobile phone program. In these countries, mobile expense is not reimbursable through expense reporting and should not be paid with a corporate credit card.",Full,0,No Gap
"Associates not participating in a direct billed, company sanctioned mobile phone program will be reimbursed for reasonable and customary phone charges related to business while not traveling if softphone or toll-free numbers are not available, or if otherwise required by law. Business calls must be supported by the original phone bill highlighting the business calls only.",Full,0,No Gap
"Should be made via a cost-effective method while traveling on business. Consider Skype, Facetime, and other audio/video clients via Wi-Fi to avoid additional costs.",Full,0,No Gap
Expense reports must be submitted through Oracle i-Expense system.,Full,2,No Gap
"Complete an expense report in Oracle within 15 days from the date that the expense was charged to your card. When submitting lodging expenses the costs need to be broken out as separate line items, such as room and tax, meals, and telephone charges, and submitted under the appropriate expense category daily.",Full,2,No Gap
Approving Managers are required to do timely approval/rejection within Oracle Expense Reports and review receipts to ensure that all expenses are reimbursable and in accordance with all corporate policies.,Full,2,No Gap
Complete an expense report in Oracle within 15 days from the date that the expense was charged to your card.,Full,1,No Gap
"All meals over $75 or the international equivalent must have a receipt. For client billable engagements, receipts are required regardless of the amount and regardless of whether the client requires receipts.",Full,2,No Gap
Using Other as a categorization within Oracle Expense Reports is not appropriate when it belongs in another category.,Full,1,No Gap
All meals over $75 or the international equivalent must have a receipt.,Full,1,No Gap
Not available in policy document,Null,0,Rating is Null Because: No information about reimbursement process in policy documentContent: Policy should outline procedures for processing balances and specify reimbursement methods and timelines
Not available in policy document,Null,0,Rating is Null Because: No information about income tax implications in policy documentContent: Policy should address tax implications of employer-paid travel benefits and rewards
Not available in policy document,Null,0,Rating is Null Because: No information about government related expenses in policy documentContent: Policy should specify pre-approval requirements for government expenses
"Please see the Global Travel and Entertainment Policy, Appendix A for meal limits by destination. These meal limits include all tips and taxes.",Full,1,No Gap
Not available in policy document,Null,0,Rating is Null Because: No information about dependent care in policy documentContent: Policy should address guidelines for dependent care expenses during travel
Not available in policy document,Null,0,Rating is Null Because: No information about clothing/luggage/formal attire rental in policy documentContent: Policy should specify when these items may be reimbursable under emergency circumstances
Not available in policy document,Null,0,Rating is Null Because: No information about computer privacy screens in policy documentContent: Policy should address reimbursement of privacy screens for business purposes
Personal expenses as a result of canceled travel will not be reimbursed.,Full,1,No Gap
Administrative services including use of hotel business center facilities are reimbursable.,Full,0,No Gap
Not available in policy document,Null,0,Rating is Null Because: No information about subscriptions in policy documentContent: Policy should address reimbursement of business-related publications with pre-approval requirements
