Client Content,Rating,Points,Gap Analysis
"Due to insurance and risk considerations, associates flying together on one plane must be fewer than forty (for Winner's Circle the limit is fewer) unless approved by the Company's Risk Manager via Travel Feedback email box in Outlook. It is NOT advisable for large teams to travel on the same flight.",Partial,1,Rating is Partial Because: The policy only mentions group size limit for air travel but does not provide a complete definition of what constitutes a group or meeting.Content: Need to add clear definition of minimum number of employees for group policy application and requirements for attendees.
Certain company events (such as offsite meetings or Symposium) may disallow business class travel and the go coach for cash program in order to meet budget constraints. Event specific travel policies supersede the Global Travel and Entertainment Policy.,Partial,1,"Rating is Partial Because: While booking instructions are provided, there is no mention of designated meetings management group/travel agency.Content: Need to specify designated meetings management group/travel agency and mandate their use with contact details."
Not available in policy document,Null,0,"Rating is Null Because: No information about preferred venues or MGE suppliers.Content: Need to add list of preferred venues and mandate use of preferred vendors for group events including production, creative and technical providers."
Not available in policy document,Null,0,Rating is Null Because: No expense guidelines or budget pre-approval requirements specified.Content: Need to add expense guidelines and budget pre-approval requirements based on meeting nature and total budgeted expenditure.
Not available in policy document,Null,0,Rating is Null Because: No authorization procedures for group expenses mentioned.Content: Need to specify authorization procedures for both group-related expenses and individual participant expense claims.
Not available in policy document,Null,0,Rating is Null Because: No payment methods for group/meeting expenses specified.Content: Need to specify preferred payment methods for group/meeting expenses or reference relevant section.
Not available in policy document,Null,0,Rating is Null Because: No guidance on individual hotel charges for group events.Content: Need to specify policy on individual hotel charges not covered by group event and reference lodging policy section.
Not available in policy document,Null,0,Rating is Null Because: No guidance on individual meal charges for group events.Content: Need to specify policy on individual meal charges not covered by group event and reference meals policy section.
Not available in policy document,Null,0,Rating is Null Because: No meeting security/risk management responsibilities mentioned.Content: Need to specify security requirements and risk management responsibilities for off-site meetings.
Questions should be directed to: Travel Feedback in Outlook.,Partial,1,"Rating is Partial Because: Only general contact provided, not specific to group/meeting travel.Content: Need to add specific contact details for group/meeting travel responsible department/individual."
Not available in policy document,Null,0,Rating is Null Because: No policy on company-requested companion travel.Content: Need to specify policy on companion travel at company request including reimbursement and insurance coverage.
Not available in policy document,Null,0,Rating is Null Because: No policy on personal companion travel.Content: Need to specify whether additional costs for personal companion travel are reimbursable.
"Personal travel may be combined with business only if: 1. There is ZERO additional cost to the company, supported by written verifiable AMEX Travel quote for air and hotel where only business requirement date is used, and 2. Manager has pre-approved in writing and this written approval is submitted with expense report, specifying which dates were business and which were personal.",Full,3,No Gap
Not available in policy document,Null,0,Rating is Null Because: No policy on personal use of corporate preferred rates.Content: Need to specify whether employees can use company preferred vendors/rates for personal travel.
Not available in policy document,Null,0,"Rating is Null Because: No policy on personal use of online reservation tool.Content: Need to specify policy on personal use of online tool, preferred vendors/rates, and corporate card use."
Not available in policy document,Null,0,Rating is Null Because: No payment methods specified for companion travel.Content: Need to specify preferred payment methods for companion travel and corporate card usage rules.
