Client Content,Rating,Points,Gap Analysis
Gartner has negotiated preferred contracts with Hertz (primary) and Enterprise (secondary). Corporate ID numbers must be used to obtain negotiated rates and insurance coverages.,Partial,1,Rating is Partial Because: Policy only mentions two preferred vendors but doesn't provide complete contact information or explicit corporate rates. Content: Need to add contact information and details about how booking tools identify preferred rates.
"For car rentals, policy states reimbursement will be for midsize cars or smaller unless there are multiple travelers riding together. TMC agents will offer lowest logical fare.",Full,2,No Gap
"Policy states reimbursement will be for midsize cars or smaller, unless there are multiple travelers riding together.",Partial,1,Rating is Partial Because: Policy doesn't address sustainability or electric/hybrid preferences. Content: Add guidance on sustainability and eco-friendly vehicle options.
Car rentals must be booked through the designated TMC or Gartner's online booking tool providers. No exceptions.,Full,3,No Gap
Corporate credit card must be used for all car rental expenses.,Full,1,No Gap
Associates may accept car rental upgrades only if there is no additional cost to Gartner.,Full,2,No Gap
"Policy states to consider shuttle, taxi, car service or public transportation versus rental car costs including parking, refueling etc.",Full,1,No Gap
Policy requires refueling vehicles before returning to rental agency to avoid premium refueling charges.,Full,2,No Gap
Not available in policy document,Null,0,"Rating is Null Because: No information about shared economy car hire services. Content: Add policy guidelines on use of shared economy services like ZipCar including preferred vendors, invoicing requirements and cost comparison guidance."
Not available in policy document,Null,0,Rating is Null Because: No information about GPS or other accessories. Content: Add policy on permitted accessories and requirements for GPS approval.
Travelers must cancel reservations using same booking method. Must obtain written confirmation of cancellation.,Full,2,No Gap
Policy requires reporting accidents immediately to car rental company and local authorities. Police report should be filed and accident report completed upon vehicle return.,Full,2,No Gap
Not available in policy document,Null,0,Rating is Null Because: No information about car rental loyalty programs. Content: Add policy on loyalty program benefits and restrictions.
Parking fees and tolls are reimbursable with proper documentation.,Full,1,No Gap
Traffic and parking violation tickets/fines are sole responsibility of traveler and not reimbursable.,Full,1,No Gap
Policy advises one-way rentals can be very expensive and to understand per mile charges before booking.,Full,0,No Gap
Not available in policy document,Null,0,Rating is Null Because: No information about wireless services or toll responders. Content: Add policy guidelines on rental car wireless services and toll responder usage/reimbursement.
Insurance coverage included in corporate agreements with Hertz & Enterprise when using corporate credit card. Additional insurance not reimbursable.,Full,2,No Gap
Not available in policy document,Null,0,Rating is Null Because: No information about driver's license requirements. Content: Add policy requirements for valid driver's license and any special conditions.
Not available in policy document,Null,0,Rating is Null Because: No information about winterization requirements. Content: Add guidelines for winter equipment requirements based on location.
Not available in policy document,Null,0,Rating is Null Because: No information about cross border rentals. Content: Add policy on informing suppliers about cross border travel and compliance with destination regulations.
Not available in policy document,Null,0,Rating is Null Because: No information about city/country entry restrictions. Content: Add guidance on complying with local regulations and permits.
Not available in policy document,Null,0,Rating is Null Because: No information about mileage limitations. Content: Add details about mileage allowances in different countries.
Policy requires checking car for defects before leaving and noting on rental agreement.,Partial,1,Rating is Partial Because: Doesn't fully address damage reporting procedures. Content: Add requirement to contact supplier immediately for major damages.
Not available in policy document,Null,0,Rating is Null Because: No information about private use of corporate agreements. Content: Add policy on personal use of corporate rates including insurance requirements.
Not available in policy document,Null,0,Rating is Null Because: No information about extended rentals. Content: Add guidelines for short-term leases and insurance requirements.
Taxis are usually most cost-effective in major metropolitan areas. Must obtain receipt and can include fare plus gratuity on expense report.,Full,1,No Gap
"Uber premium services (LUX, SUV, Black Car Service) not approved for taxi reimbursement.",Partial,2,"Rating is Partial Because: Doesn't fully address ride hailing apps. Content: Add preferred vendors, invoicing requirements and cost comparison guidance."
"Limo services can be used when: two or more travel together to airport, cost no more than other transport, international travel for safety, or business justifies usage. Must note reason on expense report.",Full,4,No Gap
Policy states travelers should use public transport and share ground transportation when possible. Most cost-effective mode should be used.,Full,3,No Gap
Associates using personal vehicles reimbursed at flat mileage rate. Must deduct normal commute. Includes maintenance and fuel costs. Parking/tolls reimbursable separately.,Full,3,No Gap
"Rail must be used when less expensive than air and adds no more than 1.5 hours to travel time, or when total time less than driving.",Full,3,No Gap
Not available in policy document,Null,0,Rating is Null Because: No information about preferred rail suppliers. Content: Add details about preferred vendors and corporate rates.
Rail bookings must be made through TMC globally.,Full,1,No Gap
Corporate credit card must be used for rail expenses.,Full,1,No Gap
First/business class rail permitted if fare equal to or less than lowest logical airfare.,Full,3,No Gap
Not available in policy document,Null,0,Rating is Null Because: No information about rail upgrades. Content: Add policy on permissible upgrades and approval requirements.
Not available in policy document,Null,0,Rating is Null Because: No information about rail Wi-Fi services. Content: Add policy on Wi-Fi usage and reimbursement.
Not available in policy document,Null,0,Rating is Null Because: No information about rail loyalty programs. Content: Add policy on loyalty program benefits and restrictions.
Not available in policy document,Null,0,Rating is Null Because: No information about ferry/tunnel services. Content: Add guidelines for ferry and channel tunnel usage.
Not available in policy document,Null,0,Rating is Null Because: No information about bike rentals. Content: Add policy on permissibility and reimbursement of bike rentals.
