Client Content,Rating,Points,Gap Analysis
Gartner has negotiated preferred contracts with Hertz (primary) and Enterprise (secondary). Corporate ID numbers must be used to obtain negotiated rates and insurance coverages.,Partial,1,Rating is Partial Because: Policy only mentions preferred vendors but doesn't provide complete contact information or explicit corporate rates. Content: Add contact information and details about how booking tools identify preferred rates.
"Policy states that midsize cars or smaller should be used unless there are multiple travelers riding together. For day trips more than 300 miles round-trip, rental is recommended over personal vehicle.",Full,2,No Gap
"Policy states reimbursement will be for only midsize cars or smaller, unless there are multiple travelers riding together.",Partial,1,Rating is Partial Because: Does not address sustainability considerations. Content: Add preference for electric/hybrid vehicles when available.
Car rentals must be booked at the time of air and hotel booking with the TMC. Reservations for rental cars should be made with the approved travel booking tools.,Partial,1,Rating is Partial Because: Does not explicitly mandate TMC booking method. Content: Add mandatory requirement for TMC booking.
Corporate credit card must be used for all car rental expenses.,Full,1,No Gap
Associates may accept car rental upgrades ONLY if there is no additional cost to the company.,Full,2,No Gap
"Policy states to consider shuttle, taxi, car service or public transportation versus rental car cost including parking, refueling and other expenses.",Full,1,No Gap
Refill the gas tank using most economical method which generally means at a gas station. Rental companies charge premium for refueling.,Full,2,No Gap
Not available in policy document,Null,0,Rating is Null Because: No mention of shared economy car hire services. Content: Add policy on use of shared economy services like ZipCar including preferred vendors and risk management perspective.
Not available in policy document,Null,0,Rating is Null Because: No policy on GPS or other accessories. Content: Add guidelines for GPS and other accessories usage and reimbursement.
Travelers are responsible for cancelling reservations. No show charges will not be reimbursed unless approved by Manager.,Full,2,No Gap
Accidents must be reported immediately to rental company and local authorities. Police report should be filed. Hertz/Enterprise accident report must be completed upon return.,Full,2,No Gap
Not available in policy document,Null,0,Rating is Null Because: No mention of rental car loyalty programs. Content: Add policy on loyalty program benefits and restrictions.
Parking fees and tolls are reimbursable with proper documentation.,Full,1,No Gap
Traffic or parking violation tickets or fines are always the sole responsibility of the traveler and will not be reimbursed.,Full,1,No Gap
One-way rentals can be very expensive. Please understand per mile charges before booking.,Full,0,No Gap
Not available in policy document,Null,0,Rating is Null Because: No policy on wireless services or toll responders. Content: Add guidelines for rental car wireless services and toll responder usage.
"Insurance is included in rates if using CDP number for Hertz and Account Number for Enterprise. Additional insurance not required or reimbursed in US. For other regions, specific insurance requirements are detailed by country.",Full,2,No Gap
Not available in policy document,Null,0,Rating is Null Because: No mention of driver's license requirements. Content: Add policy on valid license requirements and restrictions.
Not available in policy document,Null,0,Rating is Null Because: No mention of winterization requirements. Content: Add guidelines for seasonal equipment requirements.
Not available in policy document,Null,0,Rating is Null Because: No policy on cross border rentals. Content: Add requirements for cross border rentals and restrictions.
Not available in policy document,Null,0,Rating is Null Because: No mention of city/country entry restrictions. Content: Add guidelines for local regulations and requirements.
Not available in policy document,Null,0,Rating is Null Because: No policy on mileage limitations. Content: Add information about mileage/kilometer allowances.
"Check car for defects before leaving lot. For accidents, file police report and complete accident report upon return.",Partial,1,Rating is Partial Because: Does not fully detail damage reporting process. Content: Add specific procedures for reporting damages.
Not available in policy document,Null,0,Rating is Null Because: No policy on private rentals. Content: Add guidelines for personal use of corporate agreements.
Not available in policy document,Null,0,Rating is Null Because: No mention of extended rentals. Content: Add policy for long-term rentals and leasing options.
Taxis are usually most cost-effective mode in major metropolitan areas. Include fare plus gratuity on expense report.,Full,1,No Gap
"Uber premium services (LUX, SUV, Black Car Service) are not approved for taxi reimbursement.",Partial,2,Rating is Partial Because: Does not fully address ride hailing apps. Content: Add complete guidelines for ride hailing apps including preferred vendors and invoicing requirements.
"Limo services can be used when: two or more travel together to airport, cost no more than other transport, traveling internationally for safety, or business justifies usage. Must note reason on expense report.",Partial,2,Rating is Partial Because: Does not specify car types or market exceptions. Content: Add specific car types allowed and market safety exceptions.
Use public transport and share ground transportation when possible. Use airport/hotel shuttle if available.,Partial,1,Rating is Partial Because: Does not address market safety exceptions. Content: Add safety considerations for specific markets.
"Associates using personal vehicle will be reimbursed at flat mileage rate. Must maintain mileage log. Responsible for insurance, maintenance, fuel. Traffic violations not reimbursed.",Full,3,No Gap
"Rail must be used when less expensive than air and adds no more than 1.5 hours to travel time, or when total time less than driving.",Full,3,No Gap
Not available in policy document,Null,0,Rating is Null Because: No mention of preferred rail vendors. Content: Add preferred rail vendors and corporate rates.
Rail must be booked through TMC. The TMC globally has ability to book rail.,Full,1,No Gap
Corporate credit card must be used for rail travel expenses.,Full,1,No Gap
First class or business class rail may be used if fare equal to or less than lowest logical airfare.,Full,3,No Gap
Not available in policy document,Null,0,Rating is Null Because: No policy on rail upgrades. Content: Add guidelines for rail upgrade eligibility and approval.
Not available in policy document,Null,0,Rating is Null Because: No mention of rail Wi-Fi services. Content: Add policy on Wi-Fi usage and reimbursement.
Not available in policy document,Null,0,Rating is Null Because: No mention of rail loyalty programs. Content: Add policy on rail loyalty program benefits and restrictions.
Not available in policy document,Null,0,Rating is Null Because: No mention of ferry/tunnel services. Content: Add guidelines for ferry and channel tunnel usage.
Not available in policy document,Null,0,Rating is Null Because: No policy on bike rentals. Content: Add guidelines for bike rental eligibility and reimbursement.
