Client Content,Rating,Points,Gap Analysis
"Due to insurance and risk considerations, associates flying together on one plane must be fewer than forty (for Winner's Circle the limit is fewer) unless approved by the Company's Risk Manager via Travel Feedback email box in Outlook. It is NOT advisable for large teams to travel on the same flight.",Partial,1,Rating is Partial Because: The policy only mentions group size limit for air travel but does not provide a complete definition of what constitutes a group or meeting.Content: Need to add clear definition of minimum number of employees for group policy application and requirements for attendees.
"All travel arrangements must be booked through the TMC in one of three ways: 1) by phone with a travel counselor 2) by email with a travel counselor, or 3) online with an authorized online booking tool in regions where this is available.",Partial,1,"Rating is Partial Because: While booking channels are specified, there's no specific mention of designated meetings management group.Content: Need to add designated meetings management group details and mandate their use for group bookings."
Not available in policy document,Null,0,Rating is Null Because: No information about preferred venues or MGE suppliers.Content: Need to add list of preferred venues and mandate use of preferred vendors for group events.
Not available in policy document,Null,0,Rating is Null Because: No expense guidelines or budget pre-approval requirements for group events.Content: Need to add specific expense guidelines and budget pre-approval requirements based on meeting type and total budget.
Not available in policy document,Null,0,Rating is Null Because: No authorization procedures for group expenses.Content: Need to add authorization procedures for both group expenses and individual participant claims.
Not available in policy document,Null,0,Rating is Null Because: No payment methods specified for group events.Content: Need to add preferred payment methods for group-related expenses.
Not available in policy document,Null,0,Rating is Null Because: No guidance on individual hotel charges for group events.Content: Need to add policy on individual hotel billing and reference to lodging policy section.
Not available in policy document,Null,0,Rating is Null Because: No guidance on individual meal charges for group events.Content: Need to add policy on individual meal billing and reference to meals policy section.
Not available in policy document,Null,0,Rating is Null Because: No information about meeting security and risk management.Content: Need to add security requirements for off-site meeting venues.
Questions should be directed to: Travel Feedback in Outlook.,Partial,1,"Rating is Partial Because: Only general travel feedback contact provided, no specific group/meeting travel contact.Content: Need to add specific contact details for group and meeting travel management."
Not available in policy document,Null,0,Rating is Null Because: No policy on company-requested companion travel.Content: Need to add policy on companion travel at company request and insurance coverage.
Not available in policy document,Null,0,Rating is Null Because: No policy on personal companion travel.Content: Need to add policy on personal companion travel and reimbursement guidelines.
"Personal travel may be combined with business only if: 1) There is ZERO additional cost to the company, supported by a written verifiable AMEX Travel quote for air and hotel where only the business requirement date is used, and 2) Your Manager has pre-approved in writing and this written approval is submitted with your expense report, specifying which dates were business and which were personal.",Full,3,No Gap
Not available in policy document,Null,0,Rating is Null Because: No policy on personal use of corporate preferred rates.Content: Need to add policy on employee use of company preferred vendors/rates for personal travel.
Not available in policy document,Null,0,Rating is Null Because: No policy on personal use of corporate online reservation tool.Content: Need to add policy on personal use of online booking tool and corporate rates.
Not available in policy document,Null,0,Rating is Null Because: No policy on payment methods for companion travel.Content: Need to add policy on payment methods for companion travel expenses.
