Client Content,Rating,Points,Gap Analysis
Gartner has negotiated rates with preferred hotels. Refer to Gartner at Work/Travel Tools/Travel Information (By Country) for Gartner's negotiated rates and complimentary benefits at all properties where we have negotiated rates.,Partial,1,Rating is Partial Because: Policy mentions negotiated rates but doesn't explain the 'why' (duty of care/corporate culture)Content: Add explanation about importance of supporting hotel program for cost savings and duty of care reasons.
"In cities where we do not have preferred hotels, the lowest logical mid-tier hotel that meets your business need should be used.",Partial,1,Rating is Partial Because: Policy doesn't explicitly prohibit premium propertiesContent: Add clear prohibition of premium properties/luxury accommodation classes
"If, after factoring in negotiated benefits, you are able to secure lodging at a more cost effective rate than the preferred and the savings is in excess of 20% per night, you are encouraged to stay at the more cost effective alternative.",Full,1,No Gap
The corporate credit card must be used for all Gartner-approved travel business expenses. Using a personal credit card for business travel expense is strictly prohibited.,Full,1,No Gap
"Cancellation of hotel reservations must be made with the agency prior to the hotel cancellation policy. When making a reservation, read the cancellation policy before booking as many hotels require a 24 to 48 hour cancellation policy. You should obtain a cancellation number and confirmation to avoid billing disputes.",Full,2,No Gap
You may accept room upgrades to suites or executive floor rooms ONLY if the upgrade is at no additional cost to the company.,Full,2,No Gap
Not available in policy document,Null,0,"Rating is Null Because: No mention of shared economy accommodation policyContent: Add policy guidelines for shared economy housing including minimum stay requirements, comparison with extended stay properties, and risk considerations"
Not available in policy document,Null,0,Rating is Null Because: No specific extended stay property guidelinesContent: Add policy for extended stays over 30-45 days including spending guidelines and requirements for kitchenette facilities
Meals taken within the prescribed limits will be reimbursed for actual charges supported with an appropriate receipt.,Full,1,No Gap
Laundry and dry cleaning charges are reimbursable only if the traveler is away from home five or more consecutive nights. Receipts must be submitted with the expense report.,Full,1,No Gap
Hotel Room Movies are not reimbursable.,Full,0,No Gap
Health club fees are not reimbursable.,Full,1,No Gap
Please refer to Gartner at Work/Travel Tools/Travel Information (By Country) to see if our preferred hotels have included a complimentary shuttle.,Full,0,No Gap
Not available in policy document,Null,0,Rating is Null Because: No mention of office transportation policyContent: Add policy regarding use of complimentary hotel transportation to/from local office
Parking fees for your personal car or rental car will be reimbursed when traveling to business meetings.,Full,0,No Gap
"Travelers are encouraged to join our preferred vendors' programs; however, participation must not influence your hotel selection if it affects the cost-savings. The membership programs provide additional benefits and may apply points to your frequent traveler programs.",Full,0,No Gap
