Client Content,Rating,Points,Gap Analysis
Gartner has negotiated rates with preferred hotels. Refer to Gartner at Work/Travel Tools/Travel Information (By Country) for Gartner's negotiated rates and complimentary benefits at all properties where we have negotiated rates.,Partial,1,Rating is Partial Because: Policy mentions negotiated rates but doesn't explain the 'why' (duty of care/corporate culture)Content: Add explanation about importance of supporting hotel program for cost savings and duty of care.
"In cities where we do not have preferred hotels, the lowest logical mid-tier hotel that meets your business need should be used. Premium/upscale hotels are prohibited unless Gartner has negotiated preferred rates or rates are confirmed by TMC to be equal or less expensive than mid-tier hotels.",Full,2,No Gap
Not available in policy document,Null,0,Rating is Null Because: No mention of chain-wide agreementsContent: Add policy statement about using chain portfolio hotels when preferred properties unavailable
The corporate credit card must be used for all Gartner-approved travel business expenses. Using a personal credit card for business travel expense is strictly prohibited.,Full,1,No Gap
"Cancellations for hotel reservations must be made with the agency prior to the hotel cancellation policy. When making a reservation, read the cancellation policy before booking as many hotels require 24-48 hour cancellation policy. You should obtain a cancellation number and confirmation to avoid billing disputes. No Show charges will not be reimbursed unless approved by your Manager.",Full,2,No Gap
You may accept room upgrades to suites or executive floor rooms ONLY if the upgrade is at no additional cost to the company.,Full,2,No Gap
Not available in policy document,Null,0,Rating is Null Because: No policy on shared economy accommodationsContent: Add guidelines for minimum stay requirements and risk assessment for shared economy housing options
Corporate housing - An extended stay or temporary assignment is defined as more than 4 weeks away from the employee's regular place of business. Please refer to Gartner at Work/Travel Tools/Travel Information (By Country). Please contact the Travel Department for more detailed information.,Partial,1,Rating is Partial Because: Lacks specific spending guidelines and kitchenette requirementsContent: Add specific spending guidelines for extended stay and requirement for kitchenette facilities
Room service charges are included within prescribed daily meal limits according to destination.,Full,1,No Gap
Laundry and dry cleaning charges are reimbursable only if the traveler is away from home five or more consecutive nights.,Full,1,No Gap
Hotel Room Movies are not reimbursable.,Full,0,No Gap
Health club fees are not reimbursable.,Full,1,No Gap
Please refer to Gartner at Work/Travel Tools/Travel Information (By Country) to see if our preferred hotels have included a complimentary shuttle.,Full,0,No Gap
Please refer to Gartner at Work/Travel Tools/Travel Information (By Country) to see if our preferred hotels have included a complimentary shuttle.,Full,0,No Gap
Parking fees for your personal car or rental car will be reimbursed when traveling to business meetings.,Full,0,No Gap
"Travelers are encouraged to join our preferred vendors' programs; however, participation must not influence your hotel selection if it affects the cost-savings. The membership programs provide additional benefits and may apply points to your frequent traveler programs. Membership fees associated with these programs are not reimbursable.",Full,0,No Gap
