Client Content,Rating,Points,Gap Analysis
"Exorbitant tips – defined as over 25% at a restaurant - will not be reimbursed. Tips and gratuities for restaurants should be reported as part of the cost of meals, just as tips for taxi drivers should be included in ground transportation.",Partial,0,"Rating is Partial Because: Policy only mentions restaurant and taxi tips limits, missing guidelines for other services like baggage/porter, concierge/doorman, housekeepingContent: Need to add specific guidelines for all service types and travel destinations in an appendix"
"When traveling on business at least 75 miles away from home or when you are working a weekend or holiday, the company will reimburse expenses for meals incurred that are compliant with the per day, per person limits which vary according to destination.",Full,1,No Gap
"Meal limits are limits (not per diems) and will vary according to destination. Please see the Global Travel and Entertainment Policy, Appendix A for complete listing of prescribed daily meal limits by destination. These meal limits include all tips and taxes.",Full,2,No Gap
Alcoholic beverages are reimbursable if within the prescribed limit defined below. Drinks above this prescribed limit are at the traveler's own expense. Two drinks per day per person with receipt showing line item detail. Travelers should limit their alcohol consumption while on company business.,Full,1,No Gap
"When dining with other associates, the most senior ranking person should expense the meal and note all associates dining on their expense report.",Full,1,No Gap
"All meals over $75 or the international equivalent must have a receipt. For client billable engagements, receipts are required regardless of the amount and regardless of whether the client requires receipts.",Full,1,No Gap
Meals taken by an employee who is required to work in the office (away from home) for more than 10 hours per day or during a holiday/weekend may be reimbursed up to a maximum of $15 per day with managers approval.,Full,0,No Gap
Entertainment expenses are reimbursable only when used to enhance a business opportunity or discussion for Gartner.,Partial,0,Rating is Partial Because: Policy lacks clear definition distinguishing business entertainment from personal mealsContent: Need to add explicit definition of what constitutes business entertainment versus personal meals while traveling
"Every attempt should be made to optimize these expenses. The choice of entertainment should be made with good business judgment. Lavish, extravagant or unreasonable entertainment expenses will not be reimbursed.",Partial,1,Rating is Partial Because: Missing specific spending guidelines and pre-approval requirementsContent: Need to add maximum spend limits per person and requirement for pre-approval by management
Not available in policy document,Null,0,Rating is Null Because: No mention of preferred vendors/restaurantsContent: Need to add information about any negotiated discounts with preferred restaurants/chains and requirement to use them when possible
Not available in policy document,Null,0,"Rating is Null Because: No specific guidelines for team building eventsContent: Need to add guidelines for team events including documentation requirements, spending limits, and pre-approval process"
Alcoholic beverages are not to be billed to clients or any agency of the government.,Partial,1,Rating is Partial Because: Missing comprehensive guidance on government employee entertainmentContent: Need to add clear policy on appropriateness of entertaining government employees and following per diem requirements
Not available in policy document,Null,0,"Rating is Null Because: No guidelines for gifts, flowers, cards etc.Content: Need to add policy on when gifts are reimbursable and specific spending guidelines"
