Client Content,Rating,Points,Gap Analysis
"Exorbitant tips – defined as over 25% at a restaurant - will not be reimbursed. Within Oracle Expense Reporting, tips and gratuities for restaurants should be reported as part of the cost of meals, just as tips for taxi drivers should be included in ground transportation.",Partial,1,"Rating is Partial Because: Policy only mentions restaurant and taxi tips limits, missing guidelines for other services like baggage/porter, concierge/doorman, housekeepingContent: Need to add specific tipping guidelines for all service types and destinations in an appendix"
"When traveling on business at least 75 miles away from home or when you are working a weekend or holiday, the company will reimburse expenses for meals incurred that are compliant with the per day, per person limits which vary according to destination.",Full,1,No Gap
"Meal limits are limits (not per diems) and will vary according to destination. Please see the Global Travel and Entertainment Policy, Appendix A. These meal limits include all tips and taxes. Meal costs over the maximum daily allowance are not reimbursable.",Full,2,No Gap
"Alcoholic beverages are reimbursable if within the prescribed limit defined below. Travelers should limit their alcohol consumption while on company business. At all times, associates are expected to act responsibly and professionally. Two drinks per day per person with receipt showing line item detail.",Full,1,No Gap
"When dining with other associates, the most senior ranking person should expense the meal and note all associates dining on their expense report.",Full,1,No Gap
"All meals over $75 or the international equivalent must have a receipt. For client billable engagements, receipts are required regardless of the amount and regardless of whether the client requires receipts.",Full,1,No Gap
Meals taken by an employee who is required to work in the office (away from home) for more than 10 hours per day or during a holiday/weekend may be reimbursed up to a maximum of $15 per day with managers approval.,Full,0,No Gap
Entertainment expenses are reimbursable only when used to enhance a business opportunity or discussion for Gartner.,Partial,1,Rating is Partial Because: Policy only provides basic definition without clear distinction from personal mealsContent: Add clear definition distinguishing business entertainment from personal meals while traveling
"Every attempt should be made to optimize these expenses. The choice of entertainment should be made with good business judgment. Lavish, extravagant or unreasonable entertainment expenses will not be reimbursed.",Partial,1,Rating is Partial Because: Missing specific spending guidelines and pre-approval requirementsContent: Add specific spending limits per person and requirement for pre-approval from management
Not available in policy document,Null,0,Rating is Null Because: No mention of preferred restaurant vendorsContent: Add section on preferred restaurant vendors and requirement to use them when available
Not available in policy document,Null,0,"Rating is Null Because: No specific guidelines for team building eventsContent: Add guidelines for team building events including documentation requirements, spending limits and pre-approval process"
Not available in policy document,Null,0,Rating is Null Because: No guidance on entertaining government employeesContent: Add policy section on appropriateness of entertaining government employees and following per diem requirements
Not available in policy document,Null,0,"Rating is Null Because: No guidelines on gifts, flowers, cards etc.Content: Add policy section defining when gifts are reimbursable and specific spending guidelines"
