Client Content,Rating,Points,Gap Analysis
"Travel is one of the business tools we use to enable us to accomplish our global strategic objectives. Gartner incurs significant annual travel expenses including airfares, hotels, ground transportation, meals and incidentals. Wise use of our resources is essential to remaining strategically competitive and maintaining profitability.",Full,1,No Gap
This policy applies to Gartner offices worldwide. Policy must be followed unless local laws or tax regulations require otherwise.,Full,0,No Gap
"The policy includes detailed appendices covering: Appendix A: Prescribed Daily Meal Limits by Destination, Appendix B: Revision History, Appendix C: Home Internet/Home Phone – List of Exclusions",Full,0,No Gap
Every Gartner traveler is responsible for adhering to this policy and its defined procedures when incurring business expenses on behalf of the company. It is expected that each traveler will use discipline in managing and controlling travel and entertainment expense.,Partial,1,Rating is Partial Because: Does not fully detail specific responsibilities. Content: Should include detailed responsibilities related to understanding preferred vendors and rate programs.
"Managers within all Gartner departments that incur travel and entertainment costs are responsible for authorizing travel and entertainment activity, approving all related expenses and conscientiously managing departmental travel and entertainment budgets. Managers will be responsible for justifying the approval of expenditures that deviate from policy.",Partial,1,Rating is Partial Because: Does not specify approval dollar limits by management rank. Content: Should include specific approval limits for different expense categories based on management level.
"Disregard for the Global Travel and Entertainment Policy and/or related processes will be deemed an intentional violation of corporate responsibility and may have consequences commensurate with such actions, up to and including termination.",Full,1,No Gap
Not available in policy document,Null,0,Rating is Null Because: No reference to Company Code of Business Ethics. Content: Should include statement requiring compliance with Company Code of Business Ethics for all T&E expenditures.
Not available in policy document,Null,0,Rating is Null Because: No audit steps defined. Content: Should specify nature of expense report audits and selection criteria.
"Any questions or concerns regarding this policy can be directed to the Travel Feedback email box in Outlook or to the VP, Procure-to-Pay. Unless written approval for deviations to policy is obtained from your Manager prior to incurring the expense and sent to the Travel Feedback email box in Outlook, the expense may be deemed not reimbursable.",Full,1,No Gap
Not available in policy document,Null,0,Rating is Null Because: No mention of annual policy review requirement. Content: Should state requirement for annual policy review to ensure currency.
Appendix B contains Revision History,Full,0,No Gap
Not available in policy document,Null,0,Rating is Null Because: No executive endorsement letter included. Content: Should include endorsement letter from CEO or senior management.
"Managing Vice President, Procure-to-Pay ensures that the policy ties into our strategic objectives; and oversees, communicates and enforces all policies set forth for all Gartner associates, as well as negotiates and maintains relationships with all travel vendors.",Full,1,No Gap
Not available in policy document,Null,0,Rating is Null Because: No definitions section included. Content: Should include definitions of key terms either embedded or in appendix.
"Policy includes detailed table of contents covering: Policy Introduction, Ways to Access Travel Services, Travel Management Company Authorization, Airline Travel, Ticket Types, Lodging, Ground Transportation, Meals, Entertainment, etc.",Full,1,No Gap
Policy includes multiple references to Gartner at Work/Travel Tools/Travel Information for additional details and resources,Partial,1,Rating is Partial Because: Only internal links provided. Content: Should also include external vendor website links.
"The policy uses clear, direct language with minimal ambiguous terms. Most directives use mandatory language like 'must' and 'required' rather than suggestive terms.",Full,0,No Gap
Policy is available on company intranet (Gartner at Work),Partial,0,Rating is Partial Because: Only mentions online access. Content: Should also specify hard copy availability.
Not available in policy document,Null,0,Rating is Null Because: No mention of how policy updates are communicated. Content: Should specify both hard copy and electronic communication methods for updates.
Policy references Gartner at Work/Travel Tools/Travel Information as dedicated travel services website,Partial,1,Rating is Partial Because: No URL provided. Content: Should include direct link to travel services website.
Not available in policy document,Null,0,Rating is Null Because: No mention of travel activity reporting. Content: Should state that reports are provided by travel agency/booking tool.
