Client Content,Rating,Points,Gap Analysis
"Travel is one of the business tools we use to enable us to accomplish our global strategic objectives. Gartner incurs significant annual travel expenses including airfares, hotels, ground transportation, meals and incidentals. Wise use of our resources is essential to remaining strategically competitive and maintaining profitability.",Full,1,No Gap
This policy applies to Gartner offices worldwide. Policy must be followed unless local laws or tax regulations require otherwise.,Full,0,No Gap
"The policy includes detailed appendices covering: Appendix A: Prescribed Daily Meal Limits by Destination, Appendix B: Revision History, Appendix C: Home Internet/Home Phone List of Exclusions",Full,0,No Gap
Every Gartner traveler is responsible for adhering to this policy and its defined procedures when incurring business expenses on behalf of the company. It is expected that each traveler will use discipline in managing and controlling travel and entertainment expense.,Partial,1,"Rating is Partial Because: Does not fully detail specific responsibilitiesContent: Should add details about understanding preferred vendors, rate programs and explicit compliance requirements"
"Managers within all Gartner departments that incur travel and entertainment costs are responsible for authorizing travel and entertainment activity, approving all related expenses and conscientiously managing departmental travel and entertainment budgets. Managers will be responsible for justifying the approval of expenditures that deviate from policy.",Partial,1,Rating is Partial Because: Missing specific approval dollar limits by management rankContent: Should include approval limits for different expense categories and management levels
"Disregard for the Global Travel and Entertainment Policy and/or related processes will be deemed an intentional violation of corporate responsibility and may have consequences commensurate with such actions, up to and including termination.",Full,1,No Gap
Not available in policy document,Null,0,Rating is Null Because: No reference to Company Code of Business EthicsContent: Should add explicit reference to compliance with Company Code of Business Ethics for T&E expenditures
Not available in policy document,Null,0,Rating is Null Because: No audit steps definedContent: Should specify expense report audit criteria and selection process
"Any questions or concerns regarding this policy can be directed to the Travel Feedback email box in Outlook or to the VP, Procure-to-Pay. Unless written approval for deviations to policy is obtained from your Manager prior to incurring the expense and sent to the Travel Feedback email box in Outlook, the expense may be deemed not reimbursable.",Full,1,No Gap
Not available in policy document,Null,0,Rating is Null Because: No mention of annual policy review requirementContent: Should specify mandatory annual policy review to ensure currency
Appendix B contains Revision History showing dates and reasons for revisions,Full,0,No Gap
Not available in policy document,Null,0,Rating is Null Because: No executive endorsement letter/memoContent: Should include endorsement from CEO or senior management
"Managing Vice President, Procure-to-Pay ensures that the policy ties into our strategic objectives; and oversees, communicates and enforces all policies set forth for all Gartner associates, as well as negotiates and maintains relationships with all travel vendors.",Full,1,No Gap
Not available in policy document,Null,0,Rating is Null Because: No definitions sectionContent: Should include definitions of key terms either embedded or in appendix
"Policy includes detailed table of contents listing all major sections: Policy Introduction, Ways to Access Travel Services, Travel Management Company Authorization, Airline Travel, etc.",Full,1,No Gap
Policy contains multiple references to Gartner at Work/Travel Tools/Travel Information for additional details and resources,Partial,1,Rating is Partial Because: Missing external vendor linksContent: Should include direct links to preferred vendor websites
"Policy uses clear, direct language with mandatory terms like 'must' and 'required' throughout. Specific limits and requirements are clearly stated.",Full,0,No Gap
Policy is available on company intranet (Gartner at Work),Partial,0,Rating is Partial Because: Distribution method not fully specifiedContent: Should specify both hard copy and online availability
Updates and revisions are tracked in Appendix B: Revision History,Partial,0,Rating is Partial Because: Communication method not specifiedContent: Should specify how updates are communicated to employees
Travel information and tools are available on Gartner at Work/Travel Tools/Travel Information,Full,2,No Gap
Travel Management Company provides travel activity reports,Full,1,No Gap
