Client Content,Rating,Points,Gap Analysis
"The policy states that internet/wifi access should be used when available at hotels. Associates are encouraged to use web, tele & videoconferencing as alternatives to travel when possible.",Partial,1,Rating is Partial Because: Policy only mentions using internet/wifi when available but does not specify reimbursement details or preferred supplier programs.Content: Need to add details about internet reimbursement policies and whether it's included in negotiated rates.
Employees traveling on authorized company business are covered by the same programs as if working within Gartner premises. Additional travel insurance purchased by travelers will not be reimbursed.,Full,2,No Gap
The policy states that expensive items should be left at home or placed in carry-on baggage. Lost or stolen luggage (including cash) and cost to replace personal items are sole responsibility of traveler. Airlines will pay for checked lost baggage - claim checks should be kept.,Full,2,No Gap
"Due to insurance and risk considerations, associates flying together on one plane must be fewer than forty (for Winner's Circle the limit is fewer) unless approved by the Company's Risk Manager via Travel Feedback email box in Outlook.",Full,2,No Gap
The policy provides safety tips and references to Gartner/ISOS portal for travel advisories and safety information. Associates should contact TMC for alternate arrangements if accommodation/transportation poses safety threat.,Full,1,No Gap
"If traveler becomes ill/injured while traveling on business they must report to manager ASAP. For international travel, contact ISOS immediately for medical advice/assistance. Must advise Risk Management department in writing of any medical expenses incurred during business trip.",Full,3,No Gap
"Medical exceptions for airline class require original dated physician letter documenting medical need, length of flight where business class required, and whether condition is permanent/expected end date. Must submit to regional Benefits/HR for approval.",Full,2,No Gap
Not available in policy document,Null,0,Rating is Null Because: No information about travel interruption due to personal emergencyContent: Policy should include guidelines for situations when business trips are interrupted due to family emergencies and specify which expenses are reimbursable for returning home.
Not available in policy document,Null,0,Rating is Null Because: No information about executive or frequent traveler perksContent: Policy should specify what perks are available to executives or frequent travelers and eligibility criteria.
"Registered Trusted Traveler Programs reimbursable if traveled 10+ times in past 12 months, up to $100 USD once every 5 years for US travelers. Non-US residents can submit for basic level program cost. Only one active program reimbursable per traveler.",Full,2,No Gap
Immunization costs reimbursed for travel to countries with specific requirements. Travelers should consult medical professionals and refer to Gartner/ISOS portal or Centers for Disease Control for requirements.,Full,1,No Gap
Not available in policy document,Null,0,Rating is Null Because: No specific provisions for frequent travelers regarding air travelContent: Policy should specify if frequent travelers (monthly or more) are eligible for higher cabin class on flights of certain duration.
The policy states corporate card must be used for all business travel expenses. Insurance coverage details not explicitly provided but references to check with Travel Feedback for specific insurance inquiries.,Partial,1,Rating is Partial Because: Policy mentions corporate card requirement but lacks details on associated insurance coverageContent: Need to add specific details about insurance coverage provided when corporate card is used for travel arrangements.
