Client Content,Rating,Points,Gap Analysis
The policy states that internet/wifi charges at hotels which exceed $20 per flight are not reimbursable. Associates will be reimbursed for reasonable and customary phone charges when traveling on company sponsored business.,Partial,1,Rating is Partial Because: Policy only mentions internet cost limits but does not specify if it's included in negotiated ratesContent: Need to add whether internet/wifi access is included in negotiated air fare or hotel rates through preferred supplier program
Travel insurance is covered under company insurance programs. Employees traveling on authorized company business are covered by the same programs as if working within Gartner premises. Additional travel insurance purchased by travelers will not be reimbursed.,Full,2,No Gap
Lost or stolen luggage (including cash) and the cost to replace personal items are the sole responsibility of the traveler. Most airlines will pay for checked lost baggage; all claim checks should be kept to assist in these situations. Expensive items should either be left at home or placed in the traveler's carry-on baggage.,Full,2,No Gap
"Due to insurance and risk considerations, associates flying together on one plane must be fewer than forty (for Winner's Circle the limit is fewer) unless approved by the Company's Risk Manager via Travel Feedback email box in Outlook. It is NOT advisable for large teams to travel on the same flight.",Full,2,No Gap
"General travel safety tips are available at Gartner/ISOS portal or Gartner at Work/Travel Tools/Travel Information (By Country)/Safety While Traveling. If you encounter accommodation or means of transportation that poses threat to personal safety, you may contact TMC for alternate arrangements.",Full,1,No Gap
"If a traveler becomes ill or injured while traveling on Company business they must report the illness/injury to their manager ASAP. For international travel requiring medical advice/assistance, contact ISOS immediately. If employee incurs medical expenses during business trip, they must advise Risk Management department in writing. Medical bills incurred during domestic travel are not reimbursable.",Partial,2,"Rating is Partial Because: Does not mention evacuation services or detailed ISOS contact informationContent: Need to add specific ISOS contact details and evacuation service information, plus details about family travel if employee is incapacitated"
"Medical exceptions require original dated letter from physician documenting medical need, length of flight where business class required, and whether condition is permanent/expected end date. Medical notes submitted to regional Benefits/HR who review and respond within 48 hours.",Full,2,No Gap
Not available in policy document,Null,0,Rating is Null Because: No information about travel interruption due to personal emergencyContent: Need to add policy on reimbursement of expenses for returning home due to family emergency during business trip
Not available in policy document,Null,0,Rating is Null Because: No information about executive or frequent traveler perksContent: Need to add details about perks applicable based on management rank or minimum travel frequency
"Registered Trusted Traveler Programs reimbursable if traveled 10+ times in past 12 months, up to $100 USD once every 5 years for US travelers. Non-US residents can submit for basic level program cost. Only one active program reimbursable per traveler.",Full,2,No Gap
Immunization costs will be reimbursed for those traveling to countries with specific requirements. Consult medical professional before traveling to determine requirements. Refer to Gartner/ISOS portal or Centers for Disease Control and Prevention.,Full,1,No Gap
Not available in policy document,Null,0,Rating is Null Because: No information about frequent traveler provisions for air travelContent: Need to add policy on higher cabin class accommodation for frequent travelers on flights of specific duration
"Corporate card includes insurance coverage when used for travel arrangements. For specific inquiries regarding card insurance, contact Travel Feedback email box.",Partial,1,Rating is Partial Because: Does not provide detailed insurance coverage informationContent: Need to add separate section outlining specific insurance coverage details or link to coverage information
