Client Content,Rating,Points,Gap Analysis
Travel is one of the business tools we use to enable us to accomplish our global strategic objectives. Wise use of our resources is essential to remaining strategically competitive and maintaining profitability.,Partial,1,"Rating is Partial Because: The policy only mentions general business objectives and resource management, but does not specifically address environmental impact or climate action.Content: Need to add explicit statements about reducing climate impact, carbon emissions, and aligning with ESG goals."
The policy requires expense reports and receipts to be submitted within 15 days of incurring the expense. Original receipts are required for expenses over $75.,Partial,1,"Rating is Partial Because: While electronic submission is implied, policy does not explicitly state acceptance of e-documents/e-invoices.Content: Need to explicitly state acceptance of electronic receipts and e-statements as valid documentation."
Expense reports must be approved by managers within Oracle Expense Reports system. Managers are required to review receipts and ensure compliance with policies.,Full,1,NO Gap
Not available in policy document,Null,0,Rating is Null Because: No mention of environmental criteria in airline vendor selection.Content: Need to add criteria for selecting airlines based on their environmental programs and emissions tracking capabilities.
Not available in policy document,Null,0,Rating is Null Because: No mention of environmental criteria in hotel selection.Content: Need to add criteria for selecting hotels based on their sustainability programs and green certifications.
Not available in policy document,Null,0,Rating is Null Because: No mention of environmental criteria in ground transport vendor selection.Content: Need to add criteria for selecting ground transport providers based on their eco-friendly programs.
You may accept a car rental upgrade only if there is no additional cost to Gartner.,Partial,0,"Rating is Partial Because: Policy addresses upgrades only from cost perspective, not environmental impact.Content: Need to add restrictions on car upgrades based on emissions concerns unless EV/hybrid options."
Gartner encourages the use of the most cost-efficient transportation. Many hotels provide transportation or shuttle service and should be utilized whenever possible.,Partial,0,Rating is Partial Because: Focus is on cost rather than environmental impact.Content: Need to add environmental considerations in choosing between transport options.
Not available in policy document,Null,0,Rating is Null Because: No mention of mobile boarding passes.Content: Need to add encouragement of mobile boarding pass usage to reduce paper waste.
Not available in policy document,Null,0,Rating is Null Because: No reference to company sustainability policy or virtual-first approach.Content: Need to add compliance requirements with company sustainability policy and virtual meeting considerations.
"For day trips more than 300 miles round-trip, it will generally be less expensive to rent a vehicle than to use your personal automobile.",Partial,0,Rating is Partial Because: Focus is on cost rather than emissions comparison.Content: Need to add consideration of emissions when choosing between transport options.
Gartner encourages the use of the most cost-efficient transportation. Many hotels provide transportation or shuttle service and should be utilized whenever possible.,Partial,0,Rating is Partial Because: Mentions shuttle use but not explicitly for environmental reasons.Content: Need to add environmental benefits of using public/shared transport.
Rail must be used when: It is less expensive than air travel and adds no more than one and a half hours to the total travel time.,Partial,1,"Rating is Partial Because: Focuses on cost and time, not carbon intensity.Content: Need to add environmental considerations for choosing rail over air travel."
Not available in policy document,Null,0,Rating is Null Because: No mention of bike rentals.Content: Need to add guidelines for bike rental options and their environmental benefits.
Safety and security are always of primary importance when employees are traveling on Gartner business. The policy states that associates should discuss concerns with manager and/or HR representative if uncomfortable with required business travel.,Partial,0,"Rating is Partial Because: Policy only mentions basic safety concerns and escalation processContent: Need to add explicit statement about prioritizing employee health and wellbeing during travel, and implement tracking of traveler patterns to monitor wellbeing impacts."
"The policy states that Gartner has International SOS membership available to all global travelers traveling outside their home country. ISOS provides destination based pre-trip advisories, medical/security advice and 24-hour global call center assistance.",Full,0,No Gap
Not available in policy document,Null,0,"Rating is Null Because: No mention of employee travel sentiment surveysContent: Need to implement regular travel surveys to gauge employee satisfaction and wellbeing, including questions about personal feelings regarding travel beyond just supplier/system evaluation."
The policy states that personal vacation travel may be combined with business travel only if: 1) There is ZERO additional cost to company with written AMEX Travel quote as proof 2) Manager has pre-approved in writing specifying business vs personal dates 3) Receipts are complete and verifiable.,Full,0,No Gap
Not available in policy document,Null,0,Rating is Null Because: No mention of LGBTQ+ traveler considerationsContent: Need to add guidance on providing LGBTQ+ employees with destination country information regarding legal/social acceptance and potential risks to help them plan travel safely.
