Client Content,Rating,Points,Gap Analysis
Travel is one of the business tools we use to enable us to accomplish our global strategic objectives. Wise use of our resources is essential to remaining strategically competitive and maintaining profitability.,Partial,1,"Rating is Partial Because: The policy mentions strategic objectives and resource management but lacks specific environmental impact and climate action statements.Content: Need to add explicit statements about reducing climate impact, ESG goals alignment, and employee engagement in sustainable travel choices."
The policy states that expense reports and receipts must be submitted within 15 days of incurring the expense. Electronic receipts are accepted as supporting documentation.,Partial,1,"Rating is Partial Because: While electronic documentation is accepted, policy doesn't explicitly promote e-documents as preferred method.Content: Need to add specific preference for electronic statements and invoices to reduce paper usage."
Expense reports must be submitted in Oracle within 15 days from the date that the expense was charged. Approving managers are required to do timely approval/rejection within Oracle Expense Reports.,Full,1,NO Gap
Not available in policy document,Null,0,Rating is Null Because: No mention of environmentally responsible airline vendor selection criteria.Content: Need to add criteria for selecting airlines based on their eco-friendly programs and emissions tracking capabilities.
Not available in policy document,Null,0,Rating is Null Because: No mention of environmentally responsible hotel vendor selection criteria.Content: Need to add criteria for selecting hotels based on eco-friendly programs and green building certifications.
Not available in policy document,Null,0,Rating is Null Because: No mention of environmentally responsible ground transport vendor selection.Content: Need to add criteria for selecting ground transport providers based on eco-friendly programs.
You may accept a car rental upgrade only if there is no additional cost to Gartner.,Partial,0,"Rating is Partial Because: Policy addresses upgrades only from cost perspective, not environmental impact.Content: Need to add restrictions on car upgrades due to emission concerns unless EV/hybrid options."
"Gartner encourages the use of the most cost-efficient transportation. For day trips more than 300 miles round-trip, it will generally be less expensive to rent a vehicle than to use your personal automobile.",Partial,0,"Rating is Partial Because: Focus is only on cost efficiency, not environmental impact.Content: Need to add environmental considerations in choosing between personal car, rental, or car service."
Not available in policy document,Null,0,Rating is Null Because: No mention of mobile boarding passes.Content: Need to add encouragement for using mobile boarding passes to reduce paper waste.
Not available in policy document,Null,0,Rating is Null Because: No reference to company sustainability policy or virtual-first mindset.Content: Need to add compliance requirements with company sustainability policy and carbon offset tracking.
Not available in policy document,Null,0,Rating is Null Because: No mention of evaluating CO2 emissions for different transport options.Content: Need to add requirement to evaluate emissions impact of different ground transport options.
Not available in policy document,Null,0,Rating is Null Because: No mention of public transportation options.Content: Need to add encouragement for using public transport and shuttles to reduce emissions.
Rail must be used when: It is less expensive than air travel and adds no more than one and a half hours to the total travel time.,Partial,1,Rating is Partial Because: Considers time and cost but not carbon impact.Content: Need to add consideration of carbon intensity when choosing between rail and air travel.
Not available in policy document,Null,0,Rating is Null Because: No mention of bike rentals as transport option.Content: Need to add guidelines for bike rental options where available as eco-friendly alternative.
"Safety and security are always of primary importance when employees are traveling on Gartner business. The policy states that if business travel is required of any Gartner associate and that associate is uncomfortable, the individual should discuss these concerns with his or her manager and/or a Human Resources representative.",Partial,0,Rating is Partial Because: The policy only mentions basic safety and security importance but doesn't specifically address tracking traveler patterns for wellbeing.Content: Need to add explicit guidance on tracking traveler patterns to measure employee wellbeing during frequent travel.
The policy states that ISOS service is available to all global travelers traveling outside their home country via Gartner's International SOS membership. This service sends destination based pre-trip advisories and offers medical or security advice and assistance via ISOS's 24 hour global call centers.,Full,0,No Gap
Not available in policy document,Null,0,Rating is Null Because: No mention of traveler sentiment surveys in policy.Content: Need to add policy section on conducting regular traveler surveys to gauge employee satisfaction and wellbeing beyond basic supplier evaluations.
"The policy states that personal vacation travel may be combined with business travel only if: 1. There is ZERO additional cost to the company, supported by written verifiable AMEX Travel quote for air and hotel where only business requirement date is used, 2. Manager has pre-approved in writing and this written approval is submitted with expense report, specifying which dates were business and which were personal, 3. Receipts are complete and verifiable.",Full,0,No Gap
Not available in policy document,Null,1,"Rating is Null Because: No mention of LGBTQ+ traveler considerations in policy.Content: Need to add guidance on providing LGBTQ+ employees with destination country information regarding legal and social acceptance, potential risks, and travel planning considerations."
