Client Content,Rating,Points,Gap Analysis
"ONLY these published authorized methods for booking business travel are to be used. Our Travel Management Company (TMC) is responsible for booking air, lodging, rail, auto rental and ground transportation service arrangements consistent with the Gartner's Global Travel and Entertainment Policy.",Full,1,No Gap
Associates are specifically prohibited from going directly to airline carrier websites or the internet to purchase airline tickets. ONLY these published authorized methods for booking business travel are to be used.,Full,1,No Gap
"All associates are required to book every business trip via the TMC in one of three ways (no exceptions): 1) by phone with a travel counselor 2) by email with a travel counselor, or 3) online with an authorized online booking tool in regions where this is available.",Full,3,No Gap
"Online booking is not available in all regions. Where it is available, it is the most cost effective way to book simple, point-to-point domestic reservations. If you are using Gartner's online booking tools, please book your air, hotel, and ground transportation arrangements at the same time in the same session.",Full,1,No Gap
Associates are specifically prohibited from going directly to airline carrier websites or the internet to purchase airline tickets.,Full,1,No Gap
It is important that any 'named fields' in your profile match a valid passport or license with middle name or initial or you will likely encounter travel interruptions.,Partial,1,"Rating is Partial Because: Policy only mentions passport/license matching but doesn't fully address visa requirements and immunization fees. Content: Need to add information about visa requirements, tourist cards, immunization requirements and reimbursement of associated fees."
Traveler Profiles can be accessed online by logging into the preferred online booking tool from Gartner at Work/Travel Tools/Travel Information. You must complete a travel profile in order to make reservations with the TMC. Travelers are encouraged to periodically update their profiles to reflect any changes in information.,Partial,1,Rating is Partial Because: Missing emergency contact information requirement. Content: Need to add mandatory requirement for including emergency contact information in traveler profiles.
"If you miss a connection OR are on a flight other than that originally ticketed, notify the limo service as soon as possible. Due to complexities of international itineraries, complex itineraries are best made with TMC via phone/email channels.",Partial,1,Rating is Partial Because: Missing specific instructions about TMC emergency services and mobile app. Content: Need to add details about 24-hour emergency services number and TMC mobile app functionality.
Client Billable or Travel for a Client by a Gartner Associate MUST be booked by Gartner's Travel Management Company only (not the client's).,Full,1,No Gap
"Web, Tele & Videoconferencing should be considered as an alternative to travel when travel is not necessary.",Partial,1,Rating is Partial Because: Does not specify circumstances for mandatory use. Content: Need to add specific situations where video/teleconferencing must be used instead of travel.
"Unless written approval for deviations to policy is obtained from your Manager prior to incurring the expense and sent to the Travel Feedback email box in Outlook, the expense may be deemed not reimbursable.",Full,2,No Gap
Requests for ALL travel arrangements not in accordance with this Policy are to be escalated to the Global Travel Department by the TMC for review/exception approval prior to ticketing.,Full,1,No Gap
"An extended stay or temporary assignment is defined as more than 4 weeks away from the employee's regular place of business, at the request of Gartner, for purposes of carrying out Company-related activities.",Full,1,No Gap
Not available in policy document,Null,0,Rating is Null Because: No information about employee weekend return home policies. Content: Need to add policy guidelines about whether weekend return trips are allowed and frequency of permitted return trips based on assignment length.
Not available in policy document,Null,0,Rating is Null Because: No information about weekend side trips. Content: Need to add policy guidelines about whether weekend side trips are allowed and any associated spending restrictions.
"Travelers may retain awards from such programs for personal use. Participation in these programs must not influence hotel selection, which would result in incremental cost beyond the company's special negotiated rates. Any membership fees associated with joining these programs are not reimbursable.",Full,0,No Gap
"Planning travel to include a Saturday night stay sometimes results in significant airfare savings for the company. Gartner will reimburse any additional lodging and meals to obtain a discounted fare for a Saturday night stay provided additional costs are less than lowest fare for weekday travel, with written email from TMC attached for comparison.",Full,0,No Gap
