Client Content,Rating,Points,Gap Analysis
"The policy states that Gartner's Travel Management Company (TMC) is responsible for booking air, lodging, rail, auto rental and ground transportation service arrangements consistent with Gartner's Global Travel and Entertainment Policy.",Full,1,No Gap
The policy mandates that ONLY authorized methods for booking business travel are to be used. Associates are specifically prohibited from going directly to airline carrier websites or the internet to purchase airline tickets.,Full,1,No Gap
"The policy states three ways to book travel reservations through TMC: 1) by phone with a travel counselor 2) by email with a travel counselor 3) online with an authorized online booking tool in regions where available. For international/complex itineraries, online booking tools are NOT recommended due to complexities.",Full,3,No Gap
"The policy states that online booking is available in some regions and is the most cost effective way to book simple, point-to-point domestic reservations. If using Gartner's online booking tools, air, hotel, and ground transportation arrangements must be booked at the same time in the same session.",Full,1,No Gap
Associates are specifically prohibited from going directly to airline carrier websites or the internet to purchase airline tickets. ONLY authorized methods for booking business travel are to be used.,Full,1,No Gap
The policy states that traveler profiles must match a valid passport or license with middle name or initial to avoid travel interruptions. Visa and passport fees including charges for photos will be reimbursed when necessary for international business travel.,Full,2,No Gap
"Travelers must complete a travel profile to make reservations with the TMC. There is two-way profile synchronization between most countries and TMC. Travelers are encouraged to periodically update their profiles to reflect changes in information (seat selection, address changes, credit card etc.).",Full,2,No Gap
"The policy states that if you miss a connection OR are on a flight other than originally ticketed, notify the limo service as soon as possible. For changes during travel, these must be arranged through TMC and documented in expense report submission.",Full,3,No Gap
Client billable or travel for a client by a Gartner Associate MUST be booked by Gartner's Travel Management Company only (not the client's). This ensures notifications are sent regarding itinerary and enables tracking of associates' locations in case of disasters.,Full,1,No Gap
"Web, Tele & Videoconferencing should be considered as an alternative to travel when travel is not necessary.",Partial,1,"Rating is Partial Because: Policy only mentions considering alternatives but doesn't provide specific guidance on when to use them.Content: Add specific circumstances when video/teleconferencing should be used instead of travel, and provide details on how to access these facilities."
Requests for ALL travel arrangements not in accordance with Policy are to be escalated to the Global Travel Department by the TMC for review/exception approval prior to ticketing. The Global Travel Department works with appropriate Operating Committee member to approve/deny exception requests.,Full,2,No Gap
Changes during travel should be arranged through the TMC and documented in expense report submission. Submit receipts for both original ticket and reissued ticket with expense report.,Full,1,No Gap
Not available in policy document,Null,0,Rating is Null Because: No definition of extended stay/temporary assignment found in policyContent: Add clear definition of extended stay in terms of specific number of days away from regular work location
Not available in policy document,Null,0,Rating is Null Because: No information about employee weekend return home policiesContent: Add policy guidelines on whether weekend return trips are allowed and under what conditions
Not available in policy document,Null,0,Rating is Null Because: No information about weekend side tripsContent: Add clear guidelines on whether weekend side trips are allowed and any associated spending restrictions
The policy states that travelers may retain awards from hotel frequent guest programs for personal use. Participation must not influence hotel selection which would result in incremental cost beyond company's special negotiated rates. Membership fees are not reimbursable.,Full,0,No Gap
The policy states that Gartner will reimburse additional lodging and meals to obtain a discounted fare for Saturday night stay provided: a) additional costs are supported with receipts b) total costs are less than lowest fare for weekday travel c) cost comparison from TMC is attached to expense report.,Full,0,No Gap
