Category,Subcategory,Primary Content,Type,Client Content,Rating,Points,Maximum Score,GBC BEST PRACTICE CONTENT,Gap analysis
Expense Management,Advance,Cash Advances,,CASH/TRAVEL ADVANCE functionality is not available via the corporate card OR via Accounts Payable or any other method. ANY travel/cash advance is strictly prohibited.,Full,3,3,"Best practice is that all spend must be on a company corporate card.  For reasons that the company corporate card is not available or an option.....Temporary cash advances are the least effective means of paying for travel and related expenses for several reasons, including negative float, lack of management information, administrative cost and lack of quality receipts. If cash advances are permitted from a company cash float/petty cash, (i) the policy must indicate the amount limit and approval requirements to obtain cash prior to trip departure.  (ii) The policy will provide limits for daily and per trip cash withdrawal amounts. (iii)  Companies must outline required documentation for cash advance receipts and Company will outline scenario/example of when cash advances would be applicable (i.e. tipping).",No Gap
Expense Management,Invoice,Central Billing or Direct Invoice,,Not available in policy document,Null,0,2,"The principal advantage offered by central bills or direct invoices is that they are convenient for employees. The principal disadvantages of central bills/direct invoices are that the organization retains 100% liability and they require extensive human intervention to match expense report details to the central bill/direct invoice. (i) If central billing or direct billing is permitted, the policy will indicate the procedures and approval required to establish a central bill/direct invoice for a travel-related vendor and the back-up documentation required for submission with the employee's travel expense form.  (ii) The best practice is to deny the use of central bills or direct invoices under any circumstance for travel-related expenses.","Rating is Null because: Policy lacks any content regarding central billing or direct invoice procedures.

Gap Filled Content:
Central billing and direct invoicing are not permitted for any travel-related expenses. All travel expenses must be paid using the corporate credit card and submitted through the expense reporting system. This ensures proper tracking, documentation and liability management."
Expense Management,Card Management,Corporate-Sponsored T&E Card,,All Gartner Associates must apply for a corporate credit card within 30 days of hire if either of the below conditions apply: 1) traveling on company business two or more times a year 2) Expensing (through Oracle) >$250/yr (or local equivalent) in approved business expenses. The corporate credit card must be used for all Gartner-approved travel business expenses.,Full,2,2,"A corporate charge card is the only payment vehicle that enables an organization to take an integrated approach to travel expense management. The benefits of a corporate charge card system include improved information management, cash management, and reduced administrative costs.  If a corporate card program is in place, (i) the policy will provide the name of the program vendor and/or a link to program details (contact information, etc.).  (ii) The best practice is to mandate the use of the company-sponsored corporate card for all travel and entertainment expenses.",No Gap
Expense Management,Card Management,Corporate T&E Card Enrollment Guidelines and Application Instructions,,"For general information on the corporate card issuance, see Gartner at Work/Travel Tools/Travel Information (By Country/Corporate Credit Cards). To apply for the Corporate Credit Card, choose your country of employment from the right hand navigation menu at Forms and Policies – Disbursement Services. Upon issuance of a card, the Associate will be required to sign a Corporate Credit Card Consent Agreement.",Full,2,2,"The policy states: (i)  specific criteria for card issuance, e.g. provide a Corporate Charge Card to any employee who travels more than once a year, or who incurs local meal and entertainment expenses (minimum dollar amount can be specified).  (ii) Enrollment instructions must include a copy of the application form, or an on-line link/inclusion in appendix, and procedures for completion and approval.",No Gap
Expense Management,Card Management,Personal Use of Corporate Payment Card,,"Personal (or non-reimbursable expenses) are not to be charged on your corporate credit card. Incidental personal charges on your corporate card (such as movie charges or other small incidental purchases) should be marked as personal within Oracle Expense Reports, at which point the associate becomes responsible for immediately cutting a check directly to American Express Card for that same amount in order to avoid late charges.",Full,2,2,"The policy states: (i) the Corporate Card must be used for business related expenses only and personal usage specifically prohibited.  (ii)  In the event that personal travel is combined with business, the policy will instruct employees to have any personal charges billed to a personal credit card (or paid by cash from personal funds) by the hotel, etc.",No Gap
Expense Management,Card Management,Lost or Stolen Card/Replacement Card,Secondary Content,Not available in policy document,Null,0,0,(i) The policy should provide procedures and detailed contact information regarding how and when to report a lost or stolen corporate card and how to obtain a replacement card.,"Rating is Null because: Policy lacks procedures for lost/stolen cards.

Gap Filled Content:
If your corporate card is lost or stolen, immediately:
1. Contact American Express at [phone number]
2. Notify your manager and Travel Department
3. Submit replacement card request through Oracle system
4. Safeguard new card upon receipt"
Expense Management,Card Management,Billing & Payment Responsibility,,Most corporate cards are personal liability cards and it is the responsibility of the Associate to maintain this card in good standing by submitting expense reports within fifteen days of incurring a charge. Credit card accounts that remain unpaid after the due date will incur additional late charges and be placed in the Delinquent Credit Card Balance process.,Full,2,2,"(i) The policy should explain the payment responsibility of the traveler, i.e.., instructions to remit payment promptly upon receipt of the monthly statement and outline suspension and cancellation procedures for accounts in a past due status.  (ii) The policy should stipulate that the company will not accept central billing, direct invoicing nor provide cash advances for any employee who has had his/her corporate card cancelled for non-payment.",No Gap
Expense Management,Card Management,Late Penalties / Delinquency Charges,,Finance charges or late fees on credit cards caused by the associate's inaction are not reimbursable. Delinquent balances may lead to suspension of the account or cancellation.,Full,1,1,(i) Policy should advise employees that delinquency charges or late penalties on past due corporate card accounts are their personal responsibility and are not reimbursable.,No Gap
Expense Management,Personal Credit card,Use of Personal Credit Card,,Using Personal credit cards for your business travel expense is strictly prohibited.,Full,2,2,"(i) If a personal credit card is used for travel and entertainment expenses, the policy should prohibit reimbursement for any annual fees, delinquency charges, interest charges, etc.  (ii) The best practice is for the policy to state that the use of a personal credit card is prohibited, unless a corporate card program is not established..",No Gap
Expense Management,Foreign Exchange,Foreign Exchange Services,,"All expenses incurred in a foreign country must be reported in the local currency where the transaction occurred and translated to your originating local currency on your expense report. The current rate of exchange should be taken from one of the following: Daily rates published on Currency Converter, Credit card statement, Bank exchange receipt.",Full,2,2,"(i) The policy should provide guidelines for accounting for the exchange rate for travel expenses incurred in currencies other than the currency of reimbursement; gains due to favorable exchange rate fluctuations should not accrue to the employee.  (ii) If a corporate card program is in place, the exchange rate used by the card provider should be the basis for the requested reimbursement amount.",No Gap
Expense Management,VAT,VAT Reclaim Requirements,Secondary Content,"VAT RECLAIM (Value Added Taxes) may be 'reclaimed' for certain business expenses incurred overseas, particularly in Europe. The company submits applications for VAT refunds annually. Travelers must follow the guidance of their local Finance personnel as to what constitutes an acceptable receipt for VAT reclaim purposes.",Full,0,0,(I) The policy should indicate what documentation is required for VAT reclaims and under what circumstances claims can be made.,No Gap
Expense Management,Charge card,Charge Card Membership Points (MRP's),Secondary Content,Credit card membership programs on your corporate card are considered a personal benefit with which you can obtain points to be used toward airline tickets and/or merchandise for you and your family. Fees associated with these programs are not reimbursable.,Full,0,0,(I) The policy should indicate that whether MRP's are a corporate-sponsored initiative or not and whether they are reimbursable.,No Gap
Expense Management,Travel related telecom,Business Calls and Faxes while Traveling,Secondary Content,"Associates will be reimbursed for reasonable and customary phone charges when traveling on company sponsored business if they do not have a Gartner direct-billed mobile phone. While traveling, associates will be expected to use their cell phone, their laptop based soft-phone or client provided phone services.",Full,0,0,"The policy states (i)  if charges for business calls while traveling are reimbursable; however, (ii) the employee will be encouraged to use the company's office phones for business-related calls as the most cost-effective alternative.",No Gap
Expense Management,Travel related telecom,Cell Phones -  Mobile Devices,Secondary Content,"In many countries, Gartner utilizes a direct-billed mobile phone program. In these countries, mobile expense is not reimbursable through expense reporting and should not be paid with a corporate credit card. Please refer to Gartner at Work/Mobile Technology Support for more details.",Partial,0,0,"The policy states if the company policy allows (i) guidelines for eligibility, approval requirements and how to obtain a company-provided device; (ii) preferred vendors for the device and monthly service; (iii) whether the hardware/equipment cost of the device is reimbursable or Company-provided; (iv) maximum monthly service reimbursement limits; (v) payment methods and expense reporting/documentation guidelines will be detailed, including a requirement to charge the monthly expenses to the corporate card, if available; (vi) the policy will state if insurance carried on the cell phone is reimbursable. (vii) Employees are advised to limit personal use of company-paid mobile devices.","Rating is Partial because: The current policy lacks detailed guidelines on device eligibility, preferred vendors, hardware costs, reimbursement limits, and personal use restrictions.

Gap Filled Content:
Mobile Device Policy Guidelines:
- Eligibility: Employees who travel frequently or require constant connectivity for business purposes
- Device procurement through approved vendors only
- Hardware costs covered by company for eligible employees
- Monthly service limit: $100 USD or local equivalent
- All charges must be on corporate card where available
- Device insurance is reimbursable up to $10/month
- Personal use should be limited to essential communications
- Detailed expense documentation required monthly"
Expense Management,Travel related telecom,Business-Related Calls made from Personal Telephone Devices,Secondary Content,"Associates not participating in a direct billed, company sanctioned mobile phone program will be reimbursed for reasonable and customary phone charges related to business while not traveling if softphone or toll-free numbers are not available, or if otherwise required by law. Business calls must be supported by the original phone bill highlighting the business calls only.",Full,0,0,"The policy states: Business calls made from a personal telephone device will be addressed in the policy. (i) The policy will indicate under what circumstances costs will be reimbursed, required documentation and (ii) approval requirements.",No Gap
Expense Management,Travel related telecom,International Travel Telecom,Secondary Content,"Personal phone calls should be made via a cost-effective method while traveling on business. Consider Skype, Facetime, and other audio/video clients via Wi-Fi to avoid additional costs.",Partial,0,0,Certain mobile telephone plans do not include international destinations and the policy states (i) guidelines for alternatives to cell phone usage such as calling cards; (ii) if renting a cell phone is permissible and reimbursable.,"Rating is Partial because: Current policy only addresses personal calls and lacks guidance on international business communication options.

Gap Filled Content:
International Communication Guidelines:
- Purchase international calling plan before travel
- Company-approved calling cards available for business use
- Cell phone rental permitted for trips >5 days
- Use company-approved VoIP solutions when possible
- Submit itemized bills for reimbursement
- Maximum reimbursement: $10/day for calls"
Expense Management,Expense Reporting and Reimbursement,Automated Expense System,,Associates are required to complete an expense report in Oracle within 15 days from the date that the expense was charged to your card. When submitting lodging expenses the costs need to be broken out as separate line items.,Full,2,2,"The policy states (i)  indicate expense payment process. i.e. automated expense or paper-based solutions.  (ii) If a program is in place, a link or URL must be provided.",No Gap
Expense Management,Expense Reporting and Reimbursement,Instructions for Submission,,"Submit the signed hard copy expense report and original supporting documentation immediately after completion. Original supporting documentation is defined as the original receipt for expenses $75.00 and above for non-billable work. For client billable engagements, receipts are required regardless of the amount and regardless of whether the client requires receipts.",Full,2,2,"The policy states (i) Detailed instructions will be provided regarding how and to whom to submit travel-related expenses; (ii) required detail and documentation must be recorded and submitted in the corporate-approved format, a copy of which must be included in the policy document as either an appendix or reference to an on-line link.",No Gap
Expense Management,Expense Reporting and Reimbursement,Approvals,,Approving managers are required to do timely approval/rejection within Oracle Expense Reports. Review receipts to ensure that all expenses are reimbursable and in accordance with all corporate policies. Managers will be responsible for all approvals/expenses regardless of a delegate being assigned.,Full,2,2,(i) The policy should state clearly who in the organization is responsible for expense report approval; (ii) dollar value limits should be assigned to the management hierarchy and this matrix should be provided in the policy as either an appendix or within the body of the policy.,No Gap
Expense Management,Expense Reporting and Reimbursement,Submission Time Limits,,Complete an expense report in Oracle within 15 days from the date that the expense was charged to your card. This may require a separate Expense report for trips where the airline ticket was purchased significantly earlier than the actual travel date.,Full,1,1, Travel-related expenses must be accounted for in the correct accounting period to avoid misstatement and All the details regarding expense management is given on Tool,No Gap
Expense Management,Expense Reporting and Reimbursement,Acceptable Documentation,,Original supporting documentation is defined as the original receipt for expenses $75.00 and above for non-billable work. For client billable engagements receipts are required regardless of the amount and regardless of whether the client requires receipts. American Express statements are not an acceptable form of original supporting documentation per the IRS. In countries other than US receipt requirements are subject to your local VAT laws.,Partial,1,2,"The policy states (i)  original receipts/documents are required in all cases and (ii) indicate the type of documentation required for each expense type, i.e.., travel itineraries from the travel agency, management approval in ink, original invoices rather than credit card receipts, etc.","Rating is Partial because: Policy lacks specific documentation requirements for different expense types.

Gap Filled Content: All expense claims must include original receipts and appropriate supporting documentation based on expense type:
- Travel: Complete travel itinerary from TMC
- Hotels: Itemized folio showing room rate and taxes
- Meals: Detailed restaurant receipt with attendees listed
- Ground Transport: Original receipt showing pickup/drop-off
- Management approval must be in ink on physical documents
- Credit card statements alone are not sufficient documentation"
Expense Management,Expense Reporting and Reimbursement,Categorization of Expenses,,When submitting lodging expenses the costs need to be broken out as separate line items such as room and tax meals and telephone charges and submitted under the appropriate expense category daily. Using 'Other' as a categorization within Oracle Expense Reports is not appropriate when it belongs in another category.,Full,1,1,"The policy states (i) To assist expense approvers and auditors in determining adherence to policy, the policy will require travelers to itemize all expenses by category rather than combine them into a daily total. This is especially important for hotel billings where meals, laundry and telecom expenses are typically part of the total.",No Gap
Expense Management,Expense Reporting and Reimbursement,Receipt Limits,,All meals over $75 or the international equivalent must have a receipt. For client billable engagements receipts are required regardless of the amount and regardless of whether the client requires receipts.,Full,1,1,The policy states (i) It is recommended that the organization require receipts for all expenses of $25 or more.   The best in class position is to require receipts for expenses of $10 or more.,No Gap
Expense Management,Expense Reporting and Reimbursement,Reimbursement Process,Secondary Content,Not available in policy document,Null,0,0,The policy states: The policy will provide clear instructions outlining the procedure for processing balances due the company and balances due the traveler after trip completion. (i) Reimbursement through electronic funds transfer or via payroll/bank deposit is an industry best practice and (ii) providing a commitment to reimburse within 5 days of receipt of expense claim an assurance to the traveler that funds will be available to settle accounts without the use of personal funds.,"Rating is Null because: No reimbursement process details provided in policy.

Gap Filled Content: Expense reimbursement will be processed via electronic funds transfer within 5 business days of approved expense report submission. Any balance due to the company must be paid within 30 days via payroll deduction or direct payment. Employees will not be required to use personal funds while waiting for reimbursement."
Expense Management,Expense Reporting and Reimbursement,Income Tax Implications,,Not available in policy document,Null,0,1,The policy states (i) The policy will caution employees of their responsibility for income tax implications that may arise as a result of using employer-paid travel to earn points for personal-use travel or rewards or the reimbursement of expenses deemed to benefit the employee in any way.,"Rating is Null because: No tax implications guidance provided.

Gap Filled Content: Employees are responsible for any tax implications arising from business travel rewards, points, or benefits used for personal purposes. This includes frequent flyer miles, hotel points, and other loyalty program benefits. Consult your tax advisor regarding reportable income from business travel perks."
Expense Management,Other expenses,Government Related Expenses,,Not available in policy document,Null,0,1,The policy indicates: (i) All government expenses must be pre-approved by appropriate senior management or designated approver,"Rating is Null because: No guidance on government-related expenses.

Gap Filled Content: All government-related expenses require pre-approval from senior management. This includes expenses related to government officials, regulatory bodies, or public sector entities. Submit approval documentation with expense report."
Expense Management,Per Diems,Per Diems,,Prescribed limits are NOT a per diem. Meals within the prescribed limits will be reimbursed for actual charges supported with an appropriate receipt.,Full,1,1,The policy states (i) Per Diems will only be issued where there is a country requirement or with approval from senior management.  Employees who are eligible for Per Diems must not submit personal expenditures via the expense report.,No Gap
Expense Management,Miscellaneous Expenses,Dependent Care,Secondary Content,Personal costs such as house sitting babysitting etc. while on company business are not reimbursable.,Full,0,0,"Guidelines for spending as they relate to employee travel should be provided but generally, (i) not a reimbursable expense or (i) reimbursable under specified, emergency-type circumstances.",No Gap
Expense Management,Miscellaneous Expenses,Clothing Luggage Briefcase and Formal Attire Rental,Secondary Content,Not available in policy document,Null,0,0,"Typically, not a reimbursable expense.  In extenuating circumstances, would require pre-approval.  Best practice is that this is only reimbursable under specified, emergency-type circumstances (i.e. winter coat for employees traveling to a destination which has weather condition to which the employee is not accustomed). Similarly for Luggage and Briefcases","Rating is Null because: Policy lacks guidance on clothing, luggage and formal attire rental expenses.

Gap Filled Content: Clothing, luggage and formal attire rental expenses are generally not reimbursable. In extenuating circumstances (e.g. lost luggage, unexpected weather conditions requiring specific attire), these expenses may be reimbursed with prior manager approval. Winter coats or weather-appropriate clothing may be reimbursed when traveling to destinations with significantly different weather conditions than the employee's home location. All such expenses must be reasonable and documented with receipts."
Expense Management,Miscellaneous Expenses,Computer Privacy Screens,Secondary Content,Not available in policy document,Null,0,0,"The policy states: Reimbursable for business purposes.  Best-practice is to encourage use to protect company information, especially in crowded areas such as on an airplane.","Rating is Null because: Policy does not address computer privacy screen expenses.

Gap Filled Content: Computer privacy screens are reimbursable for business purposes to protect confidential company information, particularly when working in public spaces like airplanes or airports. Employees are encouraged to use privacy screens when viewing sensitive data in crowded areas. Submit receipts for reimbursement through the standard expense process."
Expense Management,Miscellaneous Expenses,Other Personal expenses,,"Personal costs such as house sitting, babysitting, etc. while on company business are not reimbursable. Personal items such as briefcases or laptops that are stolen are not covered under car rental insurance. Personal (or non-reimbursable expenses) are not to be charged on your corporate credit card.",Partial,1,1,"Magazines, Newspapers, Books and Subscriptions (unrelated to business) not reimbursableMassage, sauna, shoe shine and other personal services not reimbursable Personal Entertainment including event tickets (not part of a company-sponsored event) not reimbursableToiletries and other personal items - Typically, not a reimbursable expense except in case of lost baggage.","Rating is Partial because: Policy addresses some personal expenses but lacks comprehensive coverage of specific items.

Gap Filled Content: The following personal expenses are not reimbursable: magazines, newspapers, books and subscriptions unrelated to business; massage, sauna, shoe shine and other personal services; personal entertainment including event tickets not part of company events; toiletries and personal items (except in cases of lost baggage with prior approval). These items should not be charged to corporate credit cards."
Expense Management,Miscellaneous Expenses,"Administrative Services including use of hotel business center facilities, postage, courier, shipping/receiving personal property at Company location",Secondary Content,Not available in policy document,Null,0,0,Reimbursable if local office not available to provide such services.,"Rating is Null because: Policy does not address administrative services expenses.

Gap Filled Content: Administrative services including hotel business center usage, postage, courier services, and shipping/receiving personal property are reimbursable only when local office facilities are not available to provide these services. Employees should utilize company office resources when possible. All administrative service expenses must be business-related and documented with receipts."
Expense Management,Miscellaneous Expenses,Subscriptions,Secondary Content,Not available in policy document,Null,0,0,Reimbursable for business-related publications.  Best practice is to have pre-approval.,"Rating is Null because: Policy does not address subscription expenses.

Gap Filled Content: Business-related publication subscriptions are reimbursable with prior manager approval. Personal subscriptions are not reimbursable. Employees should document the business purpose and obtain approval before subscribing to any publications or services."
