Category,Subcategory,Primary Content,Type,Client Content,Rating,Points,Maximum Score,GBC BEST PRACTICE CONTENT,Gap analysis
Ground Transportation,Preferred Suppliers,Preferred Car Rental Vendors,,Gartner's preferred car providers provide global service. Our primary global relationship is with Hertz. We also have a preferred (secondary) relationship with Enterprise. Reservations for rental cars should be made with the approved travel booking tools.,Partial,2,3,"The policy identifies (i)  any preferred vendors by name & provides contact information / or provides location of further information such as intranet, appentix, addendum etc.(ii) include a requirement for travelers to utilize them whenever possible.(iii) Identify how the booking tool or agent will identify preferred suppliers and corporate rates or make them explicit","Rating is Partial because: Missing contact information and explicit corporate rate identification.

Gap Filled Content: Contact information for Hertz and Enterprise can be found in the Travel Tools section of the intranet. Travelers must utilize these preferred vendors whenever possible. The online booking tool and TMC agents will automatically display corporate rates and identify preferred suppliers with a special icon."
Ground Transportation,Compliant Booking Process/Behavior,Car Rental Selection Guidelines & Standards,,Car rentals must be booked at the time of air and hotel booking with the TMC. Ensure your rental agreement notes the corporate ID number in order to obtain any Gartner negotiated rates and insurance coverages.,Partial,1,2,"In destinations where ""company x"" does not have car rental provider or there is no availability with the preferred vendor, (i) the policy will identify selection guidelines (i.e. rate cap, lowest rate available, car type etc.). (ii) The policy will prohibit the use of top tier cars or/and premium high-end vehicles.When making booking arrangements ""company x"" travelers will be expected to follow selection guidelines at all times, either when engaging with the TMC travel agents or booking with the OBT  or directly with the provider.","Rating is Partial because: Missing guidelines for non-preferred vendor situations and premium vehicle restrictions.

Gap Filled Content: When preferred vendors are unavailable, select the lowest available rate from an alternative provider. Premium and luxury vehicles are prohibited unless specifically approved. All bookings must follow these guidelines whether made through TMC or online booking tool."
Ground Transportation,Compliant Booking Process/Behavior,Car Size Selection  Selection Guidelines and Standards,,"Reimbursement will be for only midsize cars or smaller, unless there are multiple travelers riding together.",Partial,1,3,"(i) Size limits allowable for rental vehicles will be specified(ii) in the policy, encouraging the size that is most appropriate for the purporse of the trip, the number of people using the vehicle and the market conditions where rental takes place. (iii) encourages car size sustainability considerations prefer electric/Hybrid cars.","Rating is Partial because: Missing sustainability guidelines and specific size appropriateness criteria.

Gap Filled Content: Select vehicle size based on: number of travelers (3+ may justify full-size), length of trip, and local conditions. When available, hybrid/electric vehicles are preferred to support sustainability goals. Specific size limits: Economy (1-2 travelers), Mid-size (2-3 travelers), Full-size (4+ travelers)."
Ground Transportation,Compliant Booking Process/Behavior,Car Rental Reservation Instructions,,"Car rentals must be booked through the TMC in one of three ways: 1) by phone with a travel counselor 2) by email with a travel counselor, or 3) online with an authorized online booking tool in regions where this is available.",Partial,2,3,The policy states (i) Travelers should use the preferred vendors in the markets that they are available (ii) and to book reservations through the designated travel agency and/or on-line booking tool where applicable; (iii) mandating this reservation method is a best practice.,"Rating is Partial because: Missing explicit mandate language and preferred vendor prioritization.

Gap Filled Content: All car rental reservations MUST be made through approved TMC channels. Preferred vendors must be used when available in market. Direct bookings with vendors are strictly prohibited."
Ground Transportation,Payment Method,Car Rental Payment Method,,The corporate credit card must be used for all Gartner-approved travel business expenses. Using a personal credit card for business travel expense is strictly prohibited.,Full,1,1, The policy indicates (i)  the preferred method of payment for car rental expenses if it differs to the instruction in the general travel arrangements or expence management. Alternatively refers to that  (link/section/area).,No Gap
Ground Transportation,Compliant Booking Process/Behavior,Upgrades,,You may accept a car rental upgrade only if there is no additional cost to Gartner.,Partial,1,2,"The policy states (i) that upgrades are permitted if at no extra cost to the organization; otherwise,the cost of the upgrade is not reimbursable.(iii) If the policy allows for upgrade to the car type, specific circumstances should be detailed; and approval from the stated management level will be obtained prior to booking.","Rating is Partial because: Missing approval process for justified upgrades.

Gap Filled Content: Upgrades at no additional cost are permitted. Justified upgrades (e.g., severe weather, disability accommodation) require prior approval from manager and Travel Department. Any upgrade costs without approval are not reimbursable."
Ground Transportation,Alternatives,Alternatives to Car Rental,,"For day trips more than 300 miles round-trip, it will generally be less expensive to rent a vehicle than to use your personal automobile. If an individual still chooses to use their vehicle when a rental would be less costly, the request for mileage reimbursement should not exceed the amount of the rental.",Full,1,1,"The policy requires (i) that prior to renting a car, an evaluation of the cost of a personal car, taxi, car service, shuttle, or public transportation (bus, subway) versus the cost of the rental car (including related expenses such as parking, refueling and ancillaries) should be considered.",No Gap
Ground Transportation,Compliant Booking Process/Behavior,Refueling,,Refill the gas tank using the most economical method which generally means at a gas station. The rental car companies charge a premium to refuel the car at their cost if it is not filled up or when purchased at the counter ahead of time.,Full,2,2,(i) The policy states travelers to refuel vehicles prior to returning them to the rental agency where requested; (ii) if the prepaid option is included then that use must be mandated in countries where applicable.,No Gap
Ground Transportation,Compliant Booking Process/Behavior,Shared Economy Car Hire (i.e. ZipCar Addison Lee etc.),,Not available in policy document,Null,0,1,"The policy states (i) whether shared economy apps are allowed from a risk management prespective No score :- ( If allowed: (ii) preferred vendors should be indicated and travelers should be encouraged to use them (iii) invoicing prerequisites should be indicated(iv) prior to using a shared economy car rental app, an evaluation of the cost of an regular or extended car hire booking versus the cost of the shared economy should be considered. )","Rating is Null because: No policy statement regarding shared economy services.

Gap Filled Content: Use of shared economy car services (e.g., ZipCar) is not permitted due to risk management considerations. Travelers must use approved car rental vendors or other authorized ground transportation options."
Ground Transportation,Ancillary Car Rental Expenses,Accessories & Other Services (GPS Satelite radio etc),,Not available in policy document,Null,0,2,"(i) The policy will permit accessories, i.e.., GPS, satellite radio, etc,  provided there is no additional charge;(ii) if GPS units are allowable for safety and security concerns, and requirements for exceptions should be listed (i.e. arriving after 9pm to an unfamiliar location)","Rating is Null because: Policy lacks guidance on rental car accessories and services.

Gap Filled Content:
Rental car accessories (GPS, satellite radio, etc.) are permitted only if included at no additional charge. GPS units may be approved for safety/security reasons when arriving after 9pm to unfamiliar locations or when required for business purposes. Requests for exceptions must be pre-approved by your manager."
Ground Transportation,Unforeseen Travel Circumstances,Car Rental Cancellation Procedures,,"If you need to cancel your rental car reservation, cancel via the same method you used to book (i.e. online or TMC) and obtain a record of the cancellation number. Failing to cancel within the specified time will result in a No Show and will be billed to your corporate credit card. No Show charges will not be reimbursed unless approved by your Manager in writing and attached to your expense report.",Full,2,2,(i) The policy must state reservations must be cancelled at earlierst possible (ii)The policy also states that any penalties incurred for non-cancellation of guaranteed reservations will be the responsibility of the traveler and not reimbursable.,No Gap
Ground Transportation,Unforeseen Travel Circumstances,Car Rental Accidents,,Accidents involving rental cars must be reported immediately to the car rental company and local authorities. Every Hertz & Enterprise vehicle has an information card with instructions on what to do in the case of an accident. A police report should be filed and a copy obtained. The Hertz or Enterprise Accident Report should be completed upon return of the vehicle. Advise Travel Feedback so we can monitor your case.,Full,2,2,"The policy  provides (i) clear guidelines and contact information in the event of an accident involving rental vehicles.  (ii) Contacts include law enforcement, the rental agency, a company resource and/or immediate supervisor. Refer to Travel Arrangements and Risk Management",No Gap
Ground Transportation,Loyalty / Rewards Programs,Car Rental Loyalty or Rewards Programs,Secondary Content,You are eligible to enroll in the Preferred Car Rental Agency's car club membership. If there is a cost associated with this it will not be reimbursed. Please refer to Gartner at Work/Travel Tools/Travel Information (By Country).,Partial,0,0,"The policy indicates (i) whether the employee is permitted to retain the benefits of these programs for personal use; however, the policy will indicate that (ii) under no circumstances may car rentals be selected on the basis of participation in one of these programs; (iii) the policy also states that membership fees associated with joining these programs are not reimbursable.","Rating is Partial because: Policy does not explicitly state that rental selections cannot be based on loyalty program participation.

Gap Filled Content:
Employees may retain loyalty program benefits for personal use. However, car rental selections must not be influenced by loyalty program participation. The most cost-effective rental option meeting business needs must be selected regardless of loyalty program benefits."
Ground Transportation,Ancillary Car Rental Expenses,Parking Tolls and City Congestion Charges,,"Parking fees for your personal car or rental car will be reimbursed when traveling to business meetings with Associates, clients or vendors, or to your local area airport for business purposes. You should inquire about corporate rates at airport parking facilities. If your trip is longer than a week, long term parking should be used. Daily parking fees at your home office facility are not reimbursable.",Full,1,1,"The policy states  (i) whether parking fees, tolls and City Congestion Charges are reimbursable; if reimbursable, proper documentation and reporting requirements are to be included.",No Gap
Ground Transportation,Unforeseen Travel Circumstances,Traffic & Parking Violations While Driving A Rental Vehicle or a Personal Vehicle on Company Business,,Traffic or parking violation tickets or fines are always the sole responsibility of the traveler and will not be reimbursed.,Full,1,1, The policy indicates (i) penalties for parking or traffic violations are not a reimbursable expense. admin fees related to the fines are not reimbursable either,No Gap
Ground Transportation,Compliant Booking Behavior,One Way Rentals,Secondary Content,ONE-WAY RENTALS can be very expensive. Please make sure you understand the per mile charges before booking a one-way rental.,Full,0,0,(I) The policy will advise travelers to avoid one way rentals due to high cost. (However if necessary one way rental expenses will be reimbursable.),No Gap
Ground Transportation,Ancillary Car Rental Expenses,Other Services,,Not available in policy document,Null,0,2,"(i) As car rental wireless service become available, the policy will advise if the traveler can utilize these services and (ii) if they are reimbursable.The policy states if (i) travelers are allowed to rent toll responders and (ii) if any fees are reimbursable.","Rating is Null because: Policy lacks guidance on rental car wireless services and toll responders.

Gap Filled Content:
Car rental wireless services and toll responders may be used only when necessary for business purposes. Toll responder rental fees are reimbursable with proper documentation. In-car WiFi services require pre-approval and must be justified based on business need."
Ground Transportation,Risk Management,Car Rental Insurance,,"Insurance is included in the rates for both car rental companies no matter what country you reside in if you have used the CDP number for Hertz and Account Number for Enterprise. Additional insurance is not required. Additional insurance will not be reimbursed. If additional insurance is elected, it is the traveler's responsibility to personally make the payment.",Full,2,2,Most car rental vendor contracts and corporate charge/credit cards include some form of rental car insurance coverage when the designated corporate charge/credit cards is used to rent the car.  (i) the extent of coverage available from the corporate card or other company-sponsored sources should be detailed in the policy.(ii) Submission of additional insurance should be non-reimbursable when equivalent insurance is offered by the preferred rate or  corporate credit card.,No Gap
Ground Transportation,Pre booking requirements,Valid Drivers License,Secondary Content,Not available in policy document,Null,0,0,The policy states (i)  that the employee should have a valid drivers license suitable for driving the type of vehicle hired and permitted by local law. if car hire is allowed to all drivers and if there are special conditions for young drivers,"Rating is Null because: No policy statement regarding driver's license requirements exists.

Gap Filled Content:
Employees must possess a valid driver's license appropriate for the vehicle type being rented and compliant with local laws. Age restrictions and special conditions for young drivers may apply. Verify eligibility requirements before booking."
Ground Transportation,Pre booking requirements,Winterization,Secondary Content,Not available in policy document,Null,0,0,All cars shall be equipped related to local weather and road conditions. Check market requirements when booking.,"Rating is Null because: No policy statement regarding winterization requirements exists.

Gap Filled Content:
Rental vehicles must be properly equipped for local weather and road conditions. Verify and request appropriate winterization equipment when booking in applicable markets."
Ground Transportation,Pre booking requirements,Cross Border Rentals,,Not available in policy document,Null,0,2,"The policy advises that (i) the supplier should be informed about any cross border rentals as restrictions might apply. (ii) The traveler needs to make sure Rules and Regulations of Destination City/Country are fulfilled (winterization, congestion charges etc.)","Rating is Null because: No policy statement regarding cross-border rentals exists.

Gap Filled Content:
For cross-border rentals, travelers must inform the rental supplier in advance as restrictions may apply. Ensure compliance with destination country regulations including winterization requirements and congestion charges."
Ground Transportation,Pre booking requirements,City/ Country Entry Restrictions,,Not available in policy document,Null,0,1,"For domestic as well as for Cross Border rentals different cities might have different rules and regulations. The traveler needs to make sure Rules and Regulations of any destination City/Country are fulfilled (winterization, congestion charges, parking permits, car type permit etc.)","Rating is Null because: No policy statement regarding city/country entry restrictions exists.

Gap Filled Content:
Travelers must verify and comply with all local regulations including parking permits, vehicle type restrictions, and congestion charges for both domestic and international destinations."
Ground Transportation,Pre booking requirements,Kilometer/miles,,Not available in policy document,Null,0,1,The policy states: (i) that the number of kilometer/miles included in the car rental agreement may vary from country to country. (ii) reference location of agreement / appendix with further information,"Rating is Null because: No policy statement regarding kilometer/mileage allowances exists.

Gap Filled Content:
Mileage/kilometer allowances vary by country. Refer to the rental agreement terms for specific limitations and charges. Additional details available in the travel policy appendix."
Ground Transportation,Risk Management,Damages,,A police report should be filed and a copy obtained. The Hertz or Enterprise Accident Report should be completed upon return of the vehicle to Hertz or Enterprise. Advise Travel Feedback so we can monitor your case and ensure it is receiving attention with the rental agency.,Partial,1,2,The policy states that the driver(i) should accurately fill the Damage Report before returning the car to the supplier. (ii) For bigger damages that might affect the critical functionalities please contact the supplier immediately.,"Rating is Partial because: Policy addresses accident reporting but lacks guidance on immediate damage reporting and supplier notification.

Gap Filled Content:
Document all vehicle damage on the inspection form before returning. For significant damage affecting vehicle functionality, contact supplier immediately. File police report if required and complete rental company accident report. Notify Travel Feedback for case monitoring."
Ground Transportation,Personal Use of Corporate Agreement,Private Rentals,,Not available in policy document,Null,0,4,"Policy states (i) whether Employees travelling privately can make use of this agreement. If so, (ii) the agreement number for private car is XXXXX, and for vans & trucks it is XXXXXX.(iii) In case of private rentals, you must sign appropriate insurances both domestic and internationally. The company is not an assurer for private car rental.(iv) Clarify which employees are eligible to use the agreement rates (consultants outsourced specifications)","Rating is Null because: No policy statement regarding personal use of corporate agreements exists.

Gap Filled Content:
Personal use of corporate rental agreements is permitted for eligible employees only. Use agreement #[XXX] for cars and #[XXX] for vans/trucks. Private rentals require separate insurance coverage - company insurance does not apply. Consultants/contractors are not eligible for personal use."
Ground Transportation,Extended Rentals,Extended Car Rentals,,Not available in policy document,Null,0,2,The policy states (i) if a short-term lease is appropriate for the short term assignment (30-45 days).  (ii) Reference to a preferred vendor and insurance coverage required is recommended.,"Rating is Null because: No policy statement regarding extended rentals exists.

Gap Filled Content:
For assignments of 30-45 days, short-term leases may be more cost-effective. Contact preferred vendors [Vendor Names] for extended rental rates. Verify insurance coverage requirements for longer rental periods."
Ground Transportation,Car Transfers Taxi Transfers Ride Haling Apps Limousine/ Car Service,Taxis,,Taxis are usually the most cost-effective mode of ground transportation in major metropolitan areas. If the taxi accepts the corporate card you should pay with your corporate card. Always obtain a receipt. Include the fare plus gratuity on your expense report.,Partial,1,1,"The policy states (i) that set guidelines for use of taxis including distance, spending guidelines, preferred vendors, access to and use of taxi chits and proper documentation required for reimbursement.","Rating is Partial because: Policy addresses payment and receipt requirements but lacks specific guidelines on distance limits and preferred vendors.

Gap Filled Content:
Use taxis for short-distance urban travel when most cost-effective. Preferred vendors are [Vendor Names]. Maximum allowable distance is [X] miles/km. Obtain receipt showing fare and gratuity. Use corporate card when accepted."
Ground Transportation,Car Transfers Taxi Transfers Ride Haling Apps Limousine/ Car Service,Ride Haling Apps,,Uber premium services (such as LUX SUV and Black Car Service) are not approved levels of service for the purposes of Taxi reimbursement.,Partial,1,5,"The policy states (i) whether ride hailing apps are allowed from a R&S perspective If allowed: (ii) preferred vendors should be indicated and travelers should be encouraged to use (iii) invoicing prerequisites should be indicated (iv) prior to using a hailing app, an evaluation of the cost of a personal car, taxi, car service, shuttle, or public transportation (bus, subway) versus the cost of the rental car should be considered. (v) rate caps for frequent routes could be considered.","Rating is Partial because: Policy only addresses premium services but lacks guidance on standard ride-hailing usage, preferred vendors, and cost comparisons.

Gap Filled Content: Ride-hailing apps (e.g. Uber, Lyft) are permitted for business travel when they represent the most cost-effective ground transportation option. Before using ride-hailing services, travelers must:
- Use only standard/economy service levels
- Compare costs with other available options (shuttle, taxi, public transit)
- Submit detailed receipts showing route, time, and cost
- Use corporate payment methods
- Follow local safety guidelines
Rate caps apply for frequent routes - consult travel portal for current limits."
Ground Transportation,Car Transfers Taxi Transfers Ride Haling Apps Limousine/ Car Service,Limousine/ Car Service,,Gartner has negotiated rates with limousine companies. Rates are all inclusive therefore tipping with these preferred providers is not necessary. These services can be used when: Two or more people travel together to the airport. The cost is no more expensive than that of other available ground transportation. You are traveling internationally and want to ensure safe reliable service. Business justifies the usage reason must be noted on the expense report.,Partial,2,4,"The policy states (i) that set guidelines for use of car services or limousine services. (ii) The policy will include level of employee, distance, spending guidelines, preferred vendors, reservation instructions, and proper documentation required for reimbursement. (iii) The policy will advise the type of car allowed.(iv) includes Appendix with Market exceptions for safety reasons (ex. India, Mexico, Brazil, South Africa etc.)","Rating is Partial because: Policy lacks specifics on employee levels eligible for service, car types allowed, and market-specific safety exceptions.

Gap Filled Content: Limousine/car service usage guidelines:
- Available to Director level and above for client meetings
- Standard sedan or equivalent vehicle class only
- Must be booked through preferred vendors
- Special safety considerations apply in high-risk markets (see Safety Appendix)
- Advance reservations required through travel portal
- Detailed receipt with business purpose required"
Ground Transportation,Public Transportation including Buses and Shuttles,Public Transportation including Buses and Shuttles,,Not available in policy document,Null,0,3,"The policy states  (i) travelers are to use public transport, share ground transportation whenever possible and that the most economical mode be used (i.e., must use airport/hotel shuttle if available), taking employee safety and wellbeing into consideration.  (ii) The policy will include required documentation for reimbursement.(iii) includes Appendix with Market exceptions for safety reasons or refers to location with further information from R&S department (ex. India, Mexico, Brazil, South Africa etc.)","Rating is Null because: No policy content exists regarding public transportation.

Gap Filled Content: Public Transportation Policy:
- Use airport/hotel shuttles when available
- Public transit encouraged for urban business travel where practical and safe
- Submit receipts/tickets for reimbursement
- Consider safety guidelines for specific markets
- Share transportation with colleagues when possible
- Consult Safety Appendix for market-specific guidance"
Ground Transportation,Use of Personal Vehicle,Use of Personal Vehicle for Business Purposes,,"Associates who use their personal automobile will be reimbursed at a flat mileage rate for the distance traveled. This mileage rate covers the cost of using the vehicle such as wear and tear, maintenance, and fuel. Associates are responsible for all insurance, maintenance, fuel and other auto-related expenses, including any traffic violations or damages incurred while on company business. Normal Commuting mileage must be deducted from any mileage submission where an associate visits another location for business directly from their home.",Full,3,3,"The policy states (i) when personal car usage is appropriate and provide mileage reimbursement rates and require that a mileage log be maintained to track distance traveled. (ii) The policy will also note that any damage, etc. to the personal vehicle is the responsibility of the driver and not reimbursable.The policy states (iii) that the driver is responsible for carrying adequate insurance on the personal vehicle to cover use in a business-related manner based on local law requirements.",No Gap
Ground Transportation,Rail,Rail vs Air,,Rail must be used when: It is less expensive than air travel and adds no more than one and a half hours to the total travel time. Total elapsed time is less than if driving.,Partial,2,3,"The policy states;  (i) travelers to consider rail transportation if it is available and more cost effective than air travel or car rental. (ii) Established separate guidelines for domestic and international rail travel that encompass class of service allowed, number of hours and receipt requirements; (iii)  Provides time guidelines for when it is permissible / advisable to use rail service over air.","Rating is Partial because: Policy lacks separate guidelines for domestic vs international rail travel and receipt requirements.

Gap Filled Content: Rail Travel Guidelines:
- Domestic: Economy class for trips under 4 hours
- International: Business class allowed for trips over 4 hours
- Must be more economical than air/driving
- Book through approved channels
- Submit original tickets/receipts
- Maximum 1.5 hours additional travel time vs air"
Ground Transportation,Rail,Preferred Rail Suppliers & Corporate Rates,Secondary Content,Not available in policy document,Null,0,0,The policy states; (i) preferred vendors are identified (ii) the policy messages that the client has preferred rates for travelers to utilize,"Rating is Null because: No policy content exists regarding preferred rail suppliers.

Gap Filled Content: Preferred Rail Vendors:
- Book through corporate-approved rail carriers
- Use negotiated corporate rates
- Access via travel portal or TMC
- Special rates available on major routes"
Ground Transportation,Rail,Rail Reservation Instructions,,The TMC (globally) has the ability to book rail.,Partial,1,1,The policy states; (i) Travelers to use the preferred vendors and to book all reservations through the designated travel agency and/or on-line booking tool and/or any other approved channel;,"Rating is Partial because: Policy only states TMC booking capability without specific instructions.

Gap Filled Content: Rail Booking Process:
- Book through TMC or online booking tool
- Use corporate profile for discounted rates
- Follow same advance purchase guidelines as air
- Cancel unused tickets per carrier policy"
Ground Transportation,Rail,Rail Payment Methods,,A receipt must be attached to the expense report.,Full,1,1,(i) The policy states use of the company corporate card is required for payment if applicable,No Gap
Ground Transportation,Rail,Rail Class of Service,,First class or business class may be utilized provided the fare is equal to or less than the lowest logical airfare.,Partial,1,3,"The policy states (i) Indicate the approved cabin class based on destination/distance/time; a best practice is indicated if (ii) Economy/Second/Standard is the appropriate cabin class for short duration trains with Business class permissible if the destination exceeds a specified number of hours (not less than four hours).(iii) specify if cabin class usage differs for Domestic, International routes.","Rating is Partial because: Policy lacks specific time/distance thresholds for class of service and domestic vs international guidelines.

Gap Filled Content: Rail Class of Service:
- Economy class for domestic trips under 4 hours
- Business class allowed for:
  * International trips over 4 hours
  * When cost equal/less than economy air
  * Senior management (VP and above)
- First class requires VP approval"
Ground Transportation,Compliant Booking Behavior,Rail Upgrades,Secondary Content,Not available in policy document,Null,0,0,The policy states; (i) if upgrades are permissible based on number of hours to destination (minimum of 4 hours is suggested)  (ii) approval required by a supervisor (iii) if cost of the upgrade is reimbursable,"Rating is Null because: No policy content exists regarding rail upgrades.

Gap Filled Content:
Rail upgrades are permitted for journeys exceeding 4 hours in duration, subject to supervisor approval. Upgrade costs are reimbursable only with prior authorization and proper documentation. Travelers must book the lowest logical fare class unless an upgrade is approved."
Ground Transportation,Ancillary Rail Expenses,Rail - Wi-Fi,Secondary Content,Not available in policy document,Null,0,0,The policy states; (i)  if the traveler can utilize the rail wi-fi services and (ii) if they are reimbursable.,"Rating is Null because: No policy content exists regarding rail Wi-Fi services.

Gap Filled Content:
Travelers may utilize rail Wi-Fi services when available for business purposes. Wi-Fi charges are reimbursable with proper receipt documentation. Personal use of rail Wi-Fi should be minimal and incidental to business use."
Ground Transportation,Loyalty / Rewards Programs,Rail Loyalty or Rewards Programs,Secondary Content,Not available in policy document,Null,0,0,"The policy states (i)  whether the employee is permitted to retain the benefits of these programs for personal use; however, the policy should indicate that  (ii) under no circumstances may train selection be selected on the basis of participation in one of these programs; (iii) the policy also states that membership fees associated with joining these programs are not reimbursable. (iv) the policy also states that the cost of this pass can be reimbursed if the frequent traveler justifies higher travel cost savings. (if different to travel arrangements)","Rating is Null because: No policy content exists regarding rail loyalty programs.

Gap Filled Content:
Employees may retain rail loyalty program benefits for personal use. However, train selection must not be influenced by loyalty program participation. Membership fees are not reimbursable. Program passes may be reimbursed only if documented cost savings exceed the pass price."
Ground Transportation,Other Transportation,Ferry / Channel Tunnel Services,Secondary Content,Not available in policy document,Null,0,0,"(i) The policy should reference the use of ferries and/or channel tunnel services, including spending guidelines (i.e., must use airport shuttle if available), preferred vendors, and required documentation for reimbursement.","Rating is Null because: No policy content exists regarding ferry/channel tunnel services.

Gap Filled Content:
Ferry and channel tunnel services may be used when they represent the most cost-effective option. Airport shuttles must be used when available. Receipts are required for reimbursement. Travelers should use preferred vendors when possible."
Ground Transportation,Other Transportation,Bike Rentals,Secondary Content,Not available in policy document,Null,0,0,The policy states (i) whether bike rentals are permissible and (ii) if the expense is reimbursable.,"Rating is Null because: No policy content exists regarding bike rentals.

Gap Filled Content:
Bike rentals are permitted when they represent a cost-effective local transportation option. Rental fees are reimbursable with proper receipts and business justification."
