Category,Subcategory,Primary Content,Type,Client Content,Rating,Points,Maximum Score,GBC BEST PRACTICE CONTENT,Gap analysis
Group & Events Travel,Definition,Definition,,"Due to insurance and risk considerations, associates flying together on one plane must be fewer than forty (for Winner's Circle the limit is fewer) unless approved by the Company's Risk Manager via Travel Feedback email box in Outlook. It is NOT advisable for large teams to travel on the same flight. For specific Event travel policies, please see Gartner at Work/Events/Events on Demand.",Partial,1,1,"It is important that policies and guidelines be established for groups as there is a great opportunity to negotiate reduced rates for air travel, lodging, meals and other required services. (i) The travel policy shall include a definition of a group, i.e.., minimum number of employees to which group meeting policy applies.The definition should provide detail as to why the policy exists, who it is targetted towards and what is required of all individuals who need to follow it.Consider also adding the requirements of an attendee (From the organisation) upon attending a meeting or event","Rating is Partial because: Current policy only addresses flight risk management but lacks comprehensive group definition and purpose.

Gap Filled Content:
A group is defined as 10 or more employees traveling for a common business purpose. This policy exists to ensure cost efficiency, risk management, and coordinated planning for group travel. All group travel must be coordinated through the designated meetings management team. Attendees must comply with both standard travel policy and any event-specific guidelines. For flight safety, groups larger than 40 people must be split across multiple flights unless approved by Risk Management."
Group & Events Travel,Compliant Booking Behavior,Booking Process,,Certain company events (such as offsite meetings or Symposium) may disallow business class travel and the go coach for cash program in order to meet budget constraints. Event specific travel policies supersede the Global Travel and Entertainment Policy.,Partial,1,2,"The policy states (i) booking instructions including requiring that arrangements be made through a designated meetings management group/designated travel agency.  If such a resource exists, (ii) its use must be mandated and contact details for the individual or department responsible for Group & Meeting travel are provided.","Rating is Partial because: Current policy only addresses class of travel restrictions but lacks booking process instructions.

Gap Filled Content:
All group travel arrangements must be booked through the designated Meetings Management Team via email at meetings@company.com or phone at x1234. This team will coordinate with our preferred travel agency for all bookings. Event-specific policies may override standard travel policies regarding class of service and other benefits to meet budget requirements."
Group & Events Travel,Preferred Suppliers,Preferred Suppliers,,Not available in policy document,Null,0,2,"The policy states (i) a list of preferred venues MGE suppliers such as production, creative and technical providers (ii) should mandate the use of preferred vendors for group events.","Rating is Null because: No content exists regarding preferred suppliers for group events.

Gap Filled Content:
All group events must utilize our preferred suppliers:
- Venues: Marriott, Hilton, Hyatt conference centers
- Production: AV Company X, Creative Agency Y
- Technical: Tech Provider Z
Contact Meetings Management for complete vendor list. Exceptions require VP approval."
Group & Events Travel,Authorization Process,Spending Guidelines,,Not available in policy document,Null,0,2,The policy states (i) Expense guidelines shall be included in the policy and (ii) the policy shall require budget pre-approval from the specified management level based on nature of the meeting and total budgeted expenditure.,"Rating is Null because: No content exists regarding spending guidelines and authorization process.

Gap Filled Content:
All group events require budget pre-approval:
- Under $50,000: Department VP
- $50,000-$100,000: SVP
- Over $100,000: CFO
Budget must include all anticipated expenses including venue, F&B, A/V, and travel costs."
Group & Events Travel,Authorization Process,Authorization Procedures,,Not available in policy document,Null,0,2,The policy states the required authorization procedures for (i) group-related expenses as well as (ii) individual participant's expense claims related to the group meetings.,"Rating is Null because: No content exists regarding authorization procedures.

Gap Filled Content:
Group expenses require:
1. Pre-event budget approval per spending guidelines
2. Post-event reconciliation by Finance
Individual attendee expenses must follow standard T&E policy unless specified otherwise in event guidelines."
Group & Events Travel,Payment Methods,Group & Event Payment Methods,,Not available in policy document,Null,0,1,The policy indicates (i)  the preferred method of payment for group & meeting related expenses if it differs to the instruction in the general travel arrangements or expense management. Alternatively refers to that  (link/section/area).,"Rating is Null because: No content exists regarding payment methods.

Gap Filled Content:
Group event expenses must be paid via corporate meeting card or direct billing arrangement. Individual expenses follow standard T&E policy using corporate cards. Refer to Payment Methods section for details."
Group & Events Travel,Hotel Individual Expenses,Individual Employee's Hotel Charges,,Not available in policy document,Null,0,2,The policy states: (i) Individual hotel charges not covered as part of the group & meeting event guidelines  must be billed to employees personal card unless otherwise specified (ii) refer back to lodging travel policy section,"Rating is Null because: No content exists regarding individual hotel expenses.

Gap Filled Content:
Individual hotel charges not included in group billing (e.g., incidentals, extended stays) must be charged to corporate cards and expensed per standard lodging policy. See Lodging section for detailed guidelines."
Group & Events Travel,Meals & Entertainment,Meal Charges,,Not available in policy document,Null,0,2,The policy states: (i) Individual meal charges not covered as part of the group & meeting event guidelines  must be billed to employees personal card unless otherwise specified  (ii) refer back to meals travel policy section,"Rating is Null because: No content exists regarding meal charges.

Gap Filled Content:
Individual meal expenses outside group-arranged meals must follow standard meal policy guidelines and limits. Charge to corporate card and expense per Meals section of travel policy."
Group & Events Travel,Risk Management,Meeting Security & Risk Management Responsibility,,Not available in policy document,Null,0,1,The policy states: (i) Meeting hosts and/or the designated meeting planners selecting off-site company locations such as meeting venues are accountable for ensuring adequate security measures are taken for the safety of meeting attendees in alignment with the corporate risk management department (If applicable),"Rating is Null because: No content exists regarding meeting security and risk management.

Gap Filled Content:
Meeting planners must coordinate with Risk Management to ensure venue security meets company standards. This includes emergency procedures, access control, and medical support as needed. Security assessment required for events over 100 attendees."
Group & Events Travel,Roles & Responsibilities,Contact Details,,Questions should be directed to: Travel Feedback in Outlook.,Partial,1,1,The policy states: (i) The contact details for individual/department responsible for  Group & Meeting travel are provided.,"Rating is Partial because: Only email contact provided, missing specific department/individual responsible.

Gap Filled Content: For all Group & Meeting travel inquiries, contact:
- Primary: Travel & Events Department via Travel Feedback in Outlook
- Secondary: Global Travel Manager at [phone]
- Emergency After-Hours Support: [phone]"
Group & Events Travel,Companion Accompaniment,Companion Accompaniment at the Request of the Company,,"If you are traveling on business and you would like to bring a companion, the companion is only authorized to book travel via our Travel Management Company if an approved exception from Travel Feedback is obtained beforehand.",Partial,1,2,"The policy states (i) If a companion is invited to travel with a senior executive employee at the request of the Company, expenses will be reimbursed and the travel expenditures subject to the same policy requirements as those of an employee.  (ii) The policy will indicate if company insurance coverage extends to the companion.","Rating is Partial because: Missing details about company-requested companion travel and insurance coverage.

Gap Filled Content: When a companion is invited to travel at the company's request:
- All travel expenses will be reimbursed per standard policy
- Company insurance coverage extends to the companion
- Travel must be booked through TMC
- Prior approval required from Travel Feedback"
Group & Events Travel,Companion Accompaniment,Companion Accompaniment - Personal Travel,,"If you are traveling on business and you would like to bring a companion, the companion is only authorized to book travel via our Travel Management Company if an approved exception from Travel Feedback is obtained beforehand.",Partial,1,2,"The policy states  (i) If the policy permits a companion to travel with a senior executive employee, the policy will state whether any additional costs are reimbursable by the Company (ii) or not.  ","Rating is Partial because: Missing clear statement about reimbursement of companion costs.

Gap Filled Content: For personal companion travel:
- All companion expenses are personal, not reimbursable
- Booking through TMC allowed only with prior approval
- Must use personal payment method for companion portions"
Group & Events Travel,Personal Use,Personal Use of Corporate Preferred Rates,,Not available in policy document,Null,0,1,The policy states: (i) whether company preferred vendors and/or negotiated rates can be used by employees for personal travel. Allowing use may impact tracking of corporate usage volumes.,"Rating is Null because: No policy statement regarding personal use of corporate rates.

Gap Filled Content: Use of corporate preferred rates for personal travel is not permitted to maintain accurate tracking of business travel volumes and negotiated benefits."
Group & Events Travel,Personal Use,Personal Use of Corporate Online Reservation Tool,,"Personal travel is NOT to be booked through the Travel Management Company with one exception. If YOUR trip is an approved business expense, and you wish to personally pay for a companion to join you, there is an exception process to enable you to book both tickets via the TMC (so your seats can be together, etc.). This is meant to be an exception process as AMEX is not staffed to handle personal travel.",Partial,1,3,The policy states: (i) whether the company online reservation tool can be used by employees for personal travel.  (ii) The policy will indicate whether company preferred vendors and/or negotiated rates can be used by employees for personal travel; allowing use may impact tracking of usage volume.  (iii) The policy must indicate if the corporate card can be used.,"Rating is Partial because: Missing clear statement about corporate card usage and preferred vendor rates.

Gap Filled Content: For personal travel bookings:
- Corporate online tool restricted to business travel only
- Personal travel not eligible for corporate rates
- Corporate card prohibited for personal portions
- Exception only for approved companion bookings"
Group & Events Travel,Companion Accompaniment,Payment Methods,Secondary Content,"Upon approval, Travel Feedback will communicate approval to AMEX Travel who would then be authorized to charge your corporate business card for your business airfare and to accept a personal card (required) to book the companion's airfare. A nominal transaction fee is also charged to the personal card for the processing of the companion ticket.",Full,0,0,The policy states (i)  the preferred method of payment of companion-personal travel related expenses;  (ii) use of the company corporate card must be mandated only if the travel is at the request of the Company.,No Gap
