Category,Subcategory,Primary Content,Type,Client Content,Rating,Points,Maximum Score,GBC BEST PRACTICE CONTENT,Gap analysis
Overview & Guidelines,Purpose,Statement of Purpose and Objective,,"Travel is one of the business tools we use to enable us to accomplish our global strategic objectives. Gartner incurs significant annual travel expenses including airfares, hotels, ground transportation, meals and incidentals. Wise use of our resources is essential to remaining strategically competitive and maintaining profitability. Each traveler plays an important part in managing company expenses and contributing to our success and growth.",Full,1,1,(i) The introduction or overview section of the policy should include a statement of purpose and objective to underscore the commitment by the company to travel-related expense control.,No Gap
Overview & Guidelines,Scope,Applicability,Secondary Content,"This policy applies to Gartner offices worldwide. Policy must be followed unless local laws or tax regulations require otherwise. Any questions or concerns regarding this policy can be directed to the Travel Feedback email box in Outlook or to the VP, Procure-to-Pay.",Full,0,0,The policy should state it's scope and applicability throughout the company. What expenses it applies to / parts of the organization / what employee groups.,No Gap
Overview & Guidelines,Scope,Addenda,Secondary Content,Not available in policy document,Null,0,0,"(i) Addendums for Regional or specific Business Units that address unique or special guidelines that do not apply to the entire organization. (I.e. state or government regulations, meal spending  guidelines, unique country customs, VAT reclaim, preferred vendors, accounting and expense reporting procedures, varying travel booking methods or class of service) should be an integral part of the core global policy and (ii) maintain the same tone of language, and consequences of non-compliance.","Rating is Null because: Policy lacks addenda section for regional/business unit specific guidelines
Gap Filled Content: ADDENDA
Regional and business unit specific guidelines that address unique requirements (including state/government regulations, meal spending limits, country customs, VAT reclaim, preferred vendors, accounting procedures, and booking methods) are included as appendices to this policy. All addenda maintain consistent language and compliance requirements as the core policy."
Overview & Guidelines,Roles & Responsibilities,Responsibility of Employee,,Every Gartner traveler is responsible for adhering to this policy and its defined procedures when incurring business expenses on behalf of the company. It is expected that each traveler will use discipline in managing and controlling travel and entertainment expense.,Full,2,2,"The policy states (i) Reference to the responsibility of the employee undertaking travel on behalf of the Company will be stated in the policy introduction but  the policy document will specifically detail these responsibilities as they relate to understanding in detail the policy requirements, preferred vendors, preferred rate programs and the need to comply therewith; (ii) a simple statement that employees must adhere to the guidelines of the policy is a best practice.",No Gap
Overview & Guidelines,Roles & Responsibilities,Responsibility of Approver,,"Managers within all Gartner departments that incur travel and entertainment costs are responsible for authorizing travel and entertainment activity, approving all related expenses and conscientiously managing departmental travel and entertainment budgets. Managers will be responsible for justifying the approval of expenditures that deviate from policy.",Full,2,2,"The policy states (i) Reference to the responsibility of the supervisor/manager given approval authority must be stated in the policy introduction but (ii) the policy document will specifically detail these responsibilities as they relate to understanding in detail the policy requirements, preferred vendors, preferred rate programs and the need to comply therewith.  Specific approval dollar limits associated with management rank will be provided for each expense submission requirement (i.e.., trip pre-approval, expense category limits, upgrades, etc.) and reference to these policy inclusions are found in the remaining sections of this policy review matrix.",No Gap
Overview & Guidelines,Compliance,Consequences of Non-Compliance,,"Disregard for the Global Travel and Entertainment Policy and/or related processes will be deemed an intentional violation of corporate responsibility and may have consequences commensurate with such actions, up to and including termination.",Full,1,1,"The policy states: Policy will clearly identify the consequences for non-compliance, from non-reimbursement to termination.  (i)  References to non-compliance for some policy directives assists with control of those specific items, but the requirement for compliance should  encompass all policy directives with prominent inclusion in the introductory section of the policy document. There can be no ambiguity in the language used to detail the circumstances and extent of disciplinary action for non-compliance from the outset.",No Gap
Overview & Guidelines,Compliance,Company Code of Business Ethics,,"It is imperative that ALL Gartner associates are aware of the following policies which may have travel and entertainment implications: Code of Conduct, Anti-Bribery, and Gift Policies.",Full,1,1,The policy states (i) A reference to compliance to the Company Code of Business Ethics for all travel and entertainment related expenditures reinforces the importance of management of T&E spending and need for employee compliance to policy guidelines.,No Gap
Overview & Guidelines,Compliance,Audit Steps,Secondary Content,Not available in policy document,Null,0,0,The policy audit steps need to be clearly defined detailing management scrutiny of expenses and potential penalties of non compliance.   (i) The policy must indicate the nature and selection criteria for expense report audit or (ii) indicate that all expense reports are subject to audit.,"Rating is Null because: Policy lacks audit steps and procedures
Gap Filled Content: AUDIT PROCEDURES
All expense reports are subject to audit by Finance department. Audits examine policy compliance, receipt documentation, and expense appropriateness. Random and targeted audits may be conducted based on amount thresholds, expense types, or other risk factors. Non-compliant expenses identified during audit may result in non-reimbursement and/or disciplinary action."
Overview & Guidelines,Compliance,Exceptions to Policy,,"Unless written approval for deviations to policy is obtained from your Manager prior to incurring the expense and sent to the Travel Feedback email box in Outlook, the expense may be deemed not reimbursable.",Full,1,1,"(i) The introduction to the policy should clearly state what management level approvals, i.e.., senior executive, are necessary for any exceptions to stated policy guidelines.  If a single designee is mandated by the company, detailed contact information must be included.",No Gap
Overview & Guidelines,Policy Management,Frequency of Review,,Gartner reserves the right to make changes to the Global Travel and Entertainment Policy at any time and for any length of time.,Partial,1,1,"(i) Evidence of an annual policy review helps ensure your policy reflects changes in the travel industry and corporate climate.   Because of the pace the travel industry is changing, review should be mandated as a requirement in the policy statement.","Rating is Partial because: Policy lacks explicit annual review requirement.

Gap Filled Content: The Global Travel and Entertainment Policy will undergo a mandatory annual review to ensure alignment with industry changes and corporate objectives. Gartner reserves the right to make additional changes as needed throughout the year. The annual review will be conducted by the Managing Vice President, Procure-to-Pay in coordination with key stakeholders."
Overview & Guidelines,Policy Management,Version Control,Secondary Content,The policy document includes revision history in Appendix B showing published dates and reasons for revisions from Sept 2016 to June 2018. The latest revision date is 26-Jun-2018 as shown on each page footer.,Full,1,0,"(i) The policy document should include the date of the most recent update and a table of the nature of revisions and effective date.  The travel industry is highly dynamic with new vendors, technologies and products continually impacting your policies and procedures.  A record of revisions to your policy will assist the reader in determining at a glance whether recent changes in the industry or company have been reflected in your policies.",No Gap
Overview & Guidelines,Ownership & Endorsement,Executive Endorsement,Secondary Content,"The policy states that Gartner's EVP, Chief Financial Officer is responsible for administering the provisions of this policy. Managing Vice President, Procure-to-Pay ensures policy ties into strategic objectives and oversees, communicates and enforces all policies.",Full,1,0,(i) An accompanying letter or memo from the Chief Executive Officer or other influential senior management member reinforces the commitment to establishing objectives and measuring compliance.  A cover letter is of particular importance when a new policy or directive is implemented which represents a significant departure from prior practice.,No Gap
Overview & Guidelines,Ownership & Endorsement,Corporate Travel Program Coordinator,,"Questions should be directed to Travel Feedback in Outlook. The Managing Vice President, Procure-to-Pay ensures policy ties into strategic objectives and oversees all policies.",Full,1,1,"At a minimum, (i) the travel policy should make clear reference to the company department responsible for travel management policy and administration.   Best practice is to  provide detailed contact information (phone number, email address, position/department title and location) for the person or department responsible for the travel program to refer any questions, concerns or suggestions.",No Gap
Overview & Guidelines,Ease of Use of Policy Document,Definitions,Secondary Content,Not available in policy document,Null,0,0,Definitions  - The provision of definitions (i) imbedded in the policy document reduces the opportunity for misinterpretation.  (ii)  An appendix of policy-related definitions significantly eases the access and application of the appropriate interpretation.,"Rating is Null because: Policy lacks definitions section.

Gap Filled Content: Add a Definitions section at the beginning of the policy document and an appendix of key terms including: TMC, WAH, Corporate Card, Preferred Vendors, Business Travel, Personal Travel, and other frequently used terminology to ensure consistent interpretation."
Overview & Guidelines,Ease of Use of Policy Document,Table of Contents,,The document includes a comprehensive table of contents listing all major sections and appendices on Page 1.,Full,1,1,Table of Contents and/or Quick Reference Guide - (i) The Table of Contents highlighting key policy and expense categories and location within the document and/or  a Quick Reference Guide highlighting most often queried categories and policy directives and contact information greatly improve the ease of use.,No Gap
Overview & Guidelines,Ease of Use of Policy Document,Information Links,,The policy references Gartner at Work/Travel Tools/Travel Information (By Country) multiple times throughout the document for additional details and resources.,Partial,1,2,"Information Links - (i) References or links to internal company related information and/or (ii) on-line links to external preferred vendor websites, etc. should be an integral part of the policy document.","Rating is Partial because: Policy lacks direct links to external vendor websites.

Gap Filled Content: Add direct links to preferred vendor websites, online booking tools, and corporate card portal in addition to internal reference links."
Overview & Guidelines,Policy Language & Tone,Policy Language & Tone,Secondary Content,"The policy uses clear directive language with terms like 'must', 'required', 'prohibited' throughout. For example: 'Associates are required to book every business trip via the TMC', 'Personal credit cards for business travel expense is strictly prohibited'.",Full,1,0,"Policy should be written using plain, simple and concise language.  Excessive use of terms such as 'reasonable expenses, normal standards, appropriate, or relying on personal judgment' undermines the concept of expense containment and reduction.  (0) An effective policy should NEVER contain a catch-all phrase such as ""all reasonable expenses will be reimbursed"".  (i) Even some use of ""should"", ""reasonable"" and ""may"" limits effectiveness while (ii) exclusive or near exclusive use of  ""mandated"", ""must"", ""as per spending limits provided"" can achieve considerable savings and enhanced control. ",No Gap
Overview & Guidelines,Policy Communication & Access,Access to Policy Document,Secondary Content,The policy states it applies to Gartner offices worldwide and can be accessed via Travel Feedback email box in Outlook.,Partial,1,0,"It is recommended that the policy be widely distributed to travelers, travel arrangers, expense approvers, auditors and newly hired travelers.  (i) The policy should be available in hard copy and/or (ii) on-line (via intranet, email) to all employees impacted by the directives of the policy.  An on-line distribution is the most cost effective manner with the widest distribution.","Rating is Partial because: Policy lacks multiple access methods and distribution plan.

Gap Filled Content: The Global Travel and Entertainment Policy will be available via company intranet, distributed by email to all employees annually and during onboarding, and accessible in printable PDF format. Policy updates will be communicated via email to all impacted employees."
Overview & Guidelines,Policy Communication & Access,Access to Updates to the Policy,Secondary Content,The policy states that Gartner reserves the right to make changes to the Global Travel and Entertainment Policy at any time and for any length of time.,Partial,1,0,"Updates to the policy must be communicated to employees through (i) memoranda, newsletters and other hard-copy means as well as (ii) electronic communications such as emails, posting on travel-related company website, etc.","Rating is Partial because: The policy only states the company's right to make changes but does not specify how updates will be communicated to employees.

Gap Filled Content:
Policy updates will be communicated to all employees through:
- Company memoranda and newsletters 
- Email notifications
- Posting on the Gartner Travel Services website
- Other electronic communications as needed

All employees are responsible for reviewing and complying with policy updates when notified."
Overview & Guidelines,Policy Communication & Access,Travel Services Website,,The policy references Gartner at Work/Travel Tools/Travel Information (By Country) throughout as the central location for travel-related information and resources.,Full,2,2,(i)A dedicated Company travel services website permits the consolidation of all employee communications related to business travel services.  (ii) If one exists a link or Url to the site must be included.,No Gap
Overview & Guidelines,Reporting,Company Travel Activity Reporting,,Not available in policy document,Null,0,1,The policy states (i) That travel activity reports are provided from the designated travel agency and/or on-line booking tool.,"Rating is Null because: The policy does not include any information about travel activity reporting.

Gap Filled Content:
Travel Activity Reporting
The designated Travel Management Company (TMC) and online booking tools will provide regular reports on company travel activity. These reports will be used to:
- Monitor policy compliance
- Track travel spend and patterns
- Support vendor negotiations
- Analyze travel program effectiveness"
