Category,Subcategory,Primary Content,Type,Client Content,Rating,Points,Maximum Score,GBC BEST PRACTICE CONTENT,Gap analysis
Travel Arrangements,Preferred Travel Intermediary,Single Designated Travel Agency Globally,,"OUR TRAVEL MANAGEMENT COMPANY (TMC) is responsible for booking air, lodging, rail, auto rental and ground transportation service arrangements consistent with the Gartner's Global Travel and Entertainment Policy. They are not responsible for the establishment of policy.",Partial,1,1,"(i)The company will consolidate travel purchasing through a single travel agency to achieve important benefits: communicate, monitor and enforce the corporate-wide travel policy across all branches and divisions; implement policy changes immediately for all organization employees; provide a uniform level of service to all employees; receive consolidated management information reports; channel all travel to selected vendors to take advantage of negotiated rates; gain leverage with travel suppliers for negotiation purposes by directing volume to preferred vendors; maximize leverage with the agency for service and revenue-sharing negotiations.","Rating is Partial because: Current policy lacks details on benefits of consolidation and vendor leverage.

Gap Filled Content: The TMC serves as Gartner's exclusive global travel partner to maximize corporate benefits through: consolidated purchasing power, consistent policy enforcement, uniform service levels, comprehensive reporting, and optimal vendor negotiations. This consolidation enables immediate policy implementation, preferred vendor rates, and enhanced service agreements."
Travel Arrangements,Preferred Travel Intermediary,Mandated Agency Usage,,"All associates are required to book every business trip via the TMC in one of three ways (no exceptions): 1) by phone with a travel counselor 2) by email with a travel counselor, or 3) online with an authorized online booking tool in regions where this is available.",Full,1,1,"(i)The policy will state that all air, rail, hotel and car rental reservations must be made through the designated agency (and/or Corporate Travel Department).  This will help ensure that travel arrangements comply with company policy guidelines, make travel arrangements easier for travelers, ensure consistent and complete management information, and help direct travelers to preferred vendors.",No Gap
Travel Arrangements,Compliant Booking (Process/behavior),Travel Booking Instructions and Contact Information,,"ONLY these published authorized methods for booking business travel are to be used. Associates are specifically prohibited from going directly to airline carrier websites or the internet to purchase airline tickets. Online booking is not available in all regions. Where it is available, it is the most cost effective way to book simple, point-to-point domestic reservations. International/Complex Itineraries: Due to the complexities of international itineraries and possible requirements of Visas and Passports, Gartner's online booking tool providers are NOT recommended for complex international ticketing.",Full,3,3,"Booking process and internal contact information are integral to ensuring compliance with policy and cost effectiveness; (i) booking via travel agents ensures compliance with corporate policy and preferred vendors ,however, (ii) automated/on-line travel booking instructions are the most efficient means of communicating with employees. (iii) The policy must mandate that all travel arrangements be made at the same time in the same transaction.",No Gap
Travel Arrangements,Compliant Booking (Process/behavior),Mandated On-line Reservation Tool,,"Online Booking: Online booking is not available in all regions. Where it is available, it is the most cost effective way to book simple, point-to-point domestic reservations. If you are using Gartner's online booking tools, please book your air, hotel, and ground transportation arrangements at the same time in the same session.",Full,1,1,"(i) Providing an on-line booking tool and requiring travelers to use it exclusively to book all travel arrangements (air, hotel, car rental) will ensure systematic tracking of all company travel arrangements while providing a knowledge base of an employee's in-transit status.",No Gap
Travel Arrangements,Compliant Booking (Process/behavior),Internet and/or Supplier-Direct Booking of Travel Arrangements,,Associates are specifically prohibited from going directly to airline carrier websites or the internet to purchase airline tickets.,Full,1,1,"(i) Employees should be prohibited from using internet or any non-designated source for booking any form of travel.  These sources may appear to be more cost effective, but provide no tracking information to management nor do these volumes count towards volume discounts at the corporate level; if the policy allows supplier direct/internet bookings, the policy should mandate the traveler to provide detailed itinerary and contact information for the reservation.",No Gap
Travel Arrangements,Traveler Profiling,Passports & Travel Documents,,"If you plan to travel on company business outside of your home country, you should apply for a passport and/or visa well in advance of your travel dates to ensure timely processing. VISA and PASSPORT fees, including charges for photos, will be reimbursed when necessary for international business travel.",Full,2,2,"When passport, travel visas, tourist cards or immunization requirements are necessary, (i) the policy should refer travelers to the appropriate source to ensure that the requirements are met. Generally, this would be the company designated travel agency or Company Travel Services department.  (ii)  The policy should also indicate that the fees are reimbursable if required for business travel.",No Gap
Travel Arrangements,Traveler Profiling,Traveler Profiles/Preferences/Special Status,,"Traveler Profiles can be accessed online by logging into the preferred online booking tool from Gartner at Work/Travel Tools/Travel Information (By Country). You must complete a travel profile in order to make reservations with the TMC. Travelers are encouraged to periodically update their profiles to reflect any changes in information (seat selection, change of address, credit card etc.).",Full,2,2,"The policy states (i) Travelers are required to complete and submit a profile to the designated agency and/or online booking tool for entry into the reservation system detailing preferences and any special status, i.e.., military service, special needs, as preferred rates may apply over and above negotiated corporate rates. (ii)  Travelers will be encouraged to annually update their profiles to reflect any changes in information (seat selection, change of address or department, charge card numbers); the policy will also mandate travelers to include emergency contact information.",No Gap
Travel Arrangements,Compliant Booking (Process/behavior),Changes while traveling,,"CHANGES DURING TRAVEL should be arranged through the TMC and documented in your expense report submission. Submit receipts for both the original ticket and the reissued ticket with the expense report. Any unused tickets must be returned to the TMC for a credit. An explanation of any flight changes, refunds or cancellations must be included in the expense report.",Full,3,3,"The policy states (i) Travelers will be instructed to make all in-transit changes and/or (ii) emergency travel arrangements through the designated travel agency, TMC phone app and/or 24-hour emergency services number ensures employee location is known at all times and more favorable rates are obtained.  Management information reports will capture all updated activity, providing the company with complete and accurate travel management data.  (iii) The toll free number needed to make changes or details of the TMC mobile app must be provided.  Travelers can also be instructed to utilize the toll free number on their itinerary.",No Gap
Travel Arrangements,Compliant Booking (Process/behavior),Employee Travel FOR a Client(Client BillableTravel),,Client Billable or Travel for a Client by a Gartner Associate MUST be booked by Gartner's Travel Management Company only (not the client's). The reason for this is so that notifications may be sent to you and are applicable to your personal itinerary in the event there is important travel information you need to know.,Full,1,1,"The policy states (i) if special circumstances exist when traveling with customer/client…i.e.., allowed to travel in same class of service/accommodation for air, hotel.",No Gap
Travel Arrangements,Travel Alternatives,Video Web or Tele-Conferencing Facilities,,"Web, Tele & Videoconferencing should be considered as an alternative to travel when travel is not necessary.",Partial,1,2,"The policy states (i) Travelers are be encouraged to examine low-cost travel alternatives, such as tele/video-conferencing; (ii) use of these alternatives in specific circumstances ensures a consistent application of the policy.","Rating is Partial because: Policy lacks specific circumstances for when video/teleconferencing should be used.

Gap Filled Content:
Web, tele & videoconferencing must be used in place of travel when:
- Meetings are 2 hours or less
- No physical materials need to be exchanged
- Participants are in 3 or more locations
- Meeting is primarily informational vs collaborative
This ensures consistent application and cost savings."
Travel Arrangements,Authorization Process,Travel Authorization - Pre-Trip Approvals & Procedures,,Note: Requests for ALL travel arrangements not in accordance with this Policy are to be escalated to the Global Travel Department by the TMC for review/exception approval prior to ticketing. The Global Travel Department then works with the appropriate Operating Committee member to approve or deny exception requests. Travelers are responsible for requesting any exception well in advance to provide sufficient time for obtaining approvals.,Partial,1,2,"The policy states (i)  A form of pre-trip approval/out of policy notification prior to finalization of reservations is required.  (ii) Mandating the use of :A) a travel agency responsible for adherence to company policy , B)  the use of an on-line booking tool with integrated restrictions , or C) pretrip authorization tools at point of sale of is the most effective and cost efficient way to monitor policy.","Rating is Partial because: Policy lacks specific pre-trip approval requirements and booking tool mandates.

Gap Filled Content:
All travel requires pre-trip approval via the online booking tool before finalizing reservations. The tool will automatically flag any out-of-policy bookings for manager review. Use of the company-mandated online booking tool is required for all reservations to ensure policy compliance and cost control."
Travel Arrangements,Authorization Process,Travel Authorization - Changes,,"Unless written approval for deviations to policy is obtained from your Manager prior to incurring the expense and sent to the Travel Feedback email box in Outlook, the expense may be deemed not reimbursable.",Full,1,1,"The policy states: (i) A form of pre-trip approval for changes to an itinerary.  Best practice is to require pre-trip approval for any additional charges defined on culture. (i.e., $100,$2500, $500)",No Gap
Travel Arrangements,Extended Stay,Definition of Extended Stay/Temporary Assignment,,"An extended stay or temporary assignment is defined as more than 4 weeks away from the employee's regular place of business, at the request of Gartner, for purposes of carrying out Company-related activities.",Full,1,1,"The policy states (i) The definition of ""extended stay"" in terms of number of days away.  ",No Gap
Travel Arrangements,Extended Stay,Employee Weekend Return Home,Secondary Content,Not available in policy document,Null,0,0,The policy states (i) whether employee weekend return trips are allowed;  (ii) the frequency of return trips permitted based on the length of time away and/or class of service for the return trip home.,"Rating is Null because: Policy lacks guidance on weekend return trips during extended stays.

Gap Filled Content:
For extended stays over 4 weeks, employees are permitted one weekend return trip home every 2 weeks. Economy class travel will be provided for these trips. Additional return trips require manager approval."
Travel Arrangements,Extended Stay,Weekend Side Trips,Secondary Content,Not available in policy document,Null,0,0,The policy must outline whether this practice is allowed; (I) The policy will outline what the spending guidelines/restrictions are for this practice.,"Rating is Null because: Policy lacks guidance on weekend side trips during business travel.

Gap Filled Content:
Personal weekend side trips during business travel are permitted if there is no additional cost to the company. Any incremental costs must be paid personally. Side trips must not interfere with business objectives."
Travel Arrangements,Loyalty / Rewards Programs,Loyalty / Rewards Programs,Secondary Content,"Travelers may retain awards from such programs for personal use. Participation in these programs must not influence hotel selection, which would result in incremental cost beyond the company's special negotiated rates. Any membership fees associated with joining these programs are not reimbursable.",Full,0,0,"(i) The policy indicates whether the employee is permitted to retain the benefits of these programs for personal use; however, the policy will indicate that (ii) under no circumstances may hotel accommodation be selected on the basis of participation in one of these programs; (iii) the policy will also state that membership fees associated with joining these programs are not reimbursable.  ",No Gap
Travel Arrangements,Weekend/Saturday Night Stays,Weekend/Saturday Night Stays,Secondary Content,"Planning travel to include a Saturday night stay sometimes results in significant airfare savings for the company. Gartner will reimburse any additional lodging and meals to obtain a discounted fare for a Saturday night stay provided, a) additional lodging and meals are appropriate supported with receipts, b) all additional travel costs are less than the lowest fare for weekday travel, and c) the cost of the lowest fare for weekday travel in the form of a written email from the TMC is attached to the expense reporting support for comparison purposes.",Full,0,0,"The policy states: (i) Business trips that overlap a weekend (i.e. Friday, Saturday or Sunday night stay) are reimbursable if the total cost of hotel, transportation and meals do not exceed the savings benefit of traveling during a regular business week. (ii) Prior approval is required (iii) The traveler must remain at the same business city to qualify for this reimbursement.",No Gap
